1,aad2424,9286,장신빈,8404151373625,남자,대구시 북구 가동,010-6871-5987,0
2,aaf1698,6240,윤연혜,7807261487016,남자,대전시 강동구 연선동,010-5209-9895,0
3,aau5323,5038,송연한,9304161584843,남자,전주시 서구 북동,010-0972-2396,194057
4,aaw1003,5549,박선경,9904281742868,남자,안산시 장안동 은행동,010-6281-3535,13796
5,abb8113,9384,윤하경,8209112114710,여자,경주시 성동구 금광동,010-8448-0902,76824
6,abu1560,4133,한경수,7302172922452,여자,천안시 성동구 가리봉동,010-4690-6012,162038
7,acx5888,7712,정준기,9905141299088,남자,수원시 강서구 다동,010-1593-1838,0
8,acy5458,2687,최빈기,9311141274008,남자,안동시 서초구 장신동,010-7179-7990,152224
9,aee6351,8556,한장연,9405182433043,여자,상주시 서초구 중동,010-9510-4521,0
10,aeq3162,2667,심혁연,8711162106756,여자,상주시 서구 준동,010-0295-6395,0
11,afc7784,9326,심선수,9412181418914,남자,수원시 중구 가야동,010-9115-8514,0
12,afx4571,5842,장준경,9405241119702,남자,나주시 동구 상대원동,010-6818-7472,0
13,age6579,0389,심연정,7301022978213,여자,안동시 서초구 금광동,010-5629-8749,0
14,agf8430,7549,최혜정,7201241614342,남자,나주시 서구 가산동,010-2420-9638,145579
15,agu7010,5362,정현빈,7307222268211,여자,남원시 북구 은행동,010-1401-1711,0
16,agv9862,7939,정하연,9203191157119,남자,부산시 강동구 정자동,010-4592-6426,0
17,aih9799,4296,주규연,7203201734951,남자,울산시 강동구 기연동,010-2207-4779,0
18,ais9725,8357,송장빈,7109142730163,여자,속초시 강동구 분당동,010-0686-4066,0
19,aji6185,8129,김한준,7502202552245,여자,남원시 성북구 나동,010-8332-9654,118965
20,ajw1013,8168,장기희,8706012727298,여자,전주시 강서구 다동,010-2953-6770,0
21,akb7136,5784,임신한,7206252181846,여자,오산시 동구 장신동,010-1089-4401,0
22,aly5699,9626,윤빈하,8206232657506,여자,울산시 강서구 문래동,010-8039-9806,0
23,ami6170,7051,한기연,8806132226291,여자,대구시 강동구 가리봉동,010-4953-0236,0
24,amj4386,7558,심기빈,7410052131352,여자,인천시 성동구 가야동,010-2202-2604,141633
25,aob0918,6083,심신혁,8212182897523,여자,나주시 성동구 장신동,010-5276-8330,0
26,aoc9162,6904,김하혁,7708052209597,여자,화성시 강서구 상대원동,010-6531-3581,0
27,apm0145,9322,장혁한,7710052755565,여자,강릉시 성동구 가동,010-2841-9654,0
28,aps1925,4788,송경규,7006101544603,남자,울산시 강서구 장안동,010-1585-9104,134821
29,apy0851,7058,장정희,8709221542983,남자,인천시 성동구 가리봉동,010-0937-9179,0
30,apy4611,3032,김준규,7706192123293,여자,상주시 북구 장안동,010-3338-8477,106755
31,aqn3698,4719,임규혜,7306091449695,남자,성남시 북구 가동,010-5760-5202,0
32,asl1849,5078,한혁연,9003202529608,여자,천안시 서초구 다동,010-3499-3558,0
33,asq9111,7515,송수현,9304122557123,여자,부산시 장안동 준동,010-2087-1684,120469
34,ats4865,5609,김현기,7705052868254,여자,상주시 동구 중동,010-0101-4424,84637
35,auv6062,0427,최혜규,8801031756237,남자,화성시 중구 정자동,010-9764-8347,35206
36,axl0068,3418,송현수,9609142602881,여자,화성시 북구 정자동,010-9361-0239,0
37,aym0461,3554,주기선,9508181980540,남자,서울시 중구 중동,010-4228-9107,17464
38,ays0683,3476,정한선,9910022326679,여자,상주시 북구 북동,010-1939-6086,0
39,ayz8414,4563,장준연,7006181673012,남자,남원시 북구 북동,010-8208-4593,54649
40,bcc9690,2967,이혁장,9404122781942,여자,부산시 동구 금광동,010-5153-3232,0
41,bcj9136,2489,박규장,8005111334228,남자,인천시 중구 분당동,010-6327-5947,0
42,bcm8198,3979,장신준,7103212327922,여자,강릉시 북구 기연동,010-1996-6008,153898
43,bct5826,8940,한정신,7602172798235,여자,성남시 장안동 은행동,010-8145-5471,0
44,bdd1112,9867,강하기,8407142963674,여자,전주시 북구 가산동,010-5705-4479,169783
45,bdd3221,9117,최규수,8104221700835,남자,대구시 서초구 가야동,010-8727-8573,48753
46,bdv2489,4969,장준혜,9309122554385,여자,남원시 강서구 장신동,010-3715-1579,145003
47,bfj5644,8763,장빈혜,8706152337854,여자,속초시 강동구 가동,010-5617-5167,161462
48,bgp2254,2738,정수수,7308151180648,남자,서울시 성동구 가산동,010-5597-3876,0
49,bhn1745,2529,박한신,7104242323988,여자,남원시 성북구 다동,010-6392-5241,165808
50,bhr4859,9216,박혜혁,7704112768287,여자,서울시 성동구 가야동,010-0098-0582,72880
51,bhy0027,7343,박수혜,7902082497821,여자,울산시 서초구 금광동,010-9722-6117,9352
52,biz1976,8471,김준희,7609142425158,여자,남원시 성동구 분당동,010-3809-9846,153356
53,bjr8650,8513,이한기,9207121180733,남자,천안시 동구 장신동,010-9657-4381,35953
54,bjx1725,4897,송수신,9007122913228,여자,대구시 동구 연선동,010-1866-8449,0
55,bkc6517,9912,김하희,7509101876837,남자,안동시 북구 금광동,010-0830-6640,102963
56,blq8844,1394,윤신혁,9502281230940,남자,성남시 북구 문래동,010-5099-0655,0
57,bme2063,5792,한하규,8811031683572,남자,오산시 서초구 준동,010-3820-9024,186435
58,bmt9109,2647,윤장혜,8512191728672,남자,수원시 서초구 중동,010-0096-6416,176296
59,bnd5685,1905,강신연,9801081902412,남자,상주시 북구 은행동,010-4567-4028,199253
60,bod2129,2230,임기준,9207132915037,여자,상주시 성북구 분당동,010-3355-1633,3428
61,bok8884,5012,윤혁경,9303071356205,남자,서울시 북구 장신동,010-3460-5137,105808
62,bqb1494,3588,김현규,7605121847122,남자,성남시 서구 금광동,010-0884-5035,0
63,bqo9160,8955,장장기,9507151473465,남자,대구시 장안동 가야동,010-9986-9524,46419
64,bqp0850,9432,한빈준,8610121252577,남자,전주시 강동구 준동,010-4394-5470,0
65,bqu5165,9975,김규정,8808041266862,남자,성남시 성북구 금광동,010-9584-0128,0
66,brb6836,2963,윤혁신,8010062672198,여자,울산시 중구 가동,010-0158-1144,0
67,brk4723,7585,한혁빈,8807242216380,여자,울산시 동구 가동,010-2009-1599,44807
68,brp7029,5380,송빈희,7807282570733,여자,울산시 강서구 기연동,010-0690-3050,0
69,brv4156,4049,김하현,7109251160947,남자,천안시 강동구 가산동,010-6939-2168,0
70,bsr2683,3840,박한기,9106261364805,남자,울산시 장안동 가야동,010-3737-7618,0
71,bsz0891,7115,정신혜,7505241598502,남자,부산시 서초구 정자동,010-1281-8715,10414
72,bts9417,7269,주빈희,9201111611458,남자,속초시 서구 분당동,010-5873-6743,9736
73,bua9671,4011,장정신,7805012519046,여자,대전시 동구 정자동,010-3180-4951,0
74,bud9309,8035,윤장경,9707151421374,남자,경주시 서초구 가동,010-6346-7122,69782
75,bup2779,8248,최빈하,7411012378406,여자,안동시 북구 기연동,010-3237-2603,0
76,bur9949,9650,이연희,7207281286317,남자,나주시 북구 북동,010-2380-8739,0
77,buz5944,5102,이현혁,9412131849353,남자,울산시 강동구 정자동,010-7440-5603,0
78,bwi6822,5347,최규정,7411102633216,여자,상주시 성북구 상대원동,010-8638-3040,150995
79,bwj7992,4611,장정연,9806192771566,여자,화성시 성동구 장안동,010-2531-6943,0
80,bwv7238,9019,이수한,8910132543758,여자,화성시 장안동 가야동,010-2348-9025,74929
81,bxk6259,3365,박준경,8905031578043,남자,전주시 강동구 다동,010-5468-3692,0
82,bxp4423,5853,임현빈,8009162936628,여자,속초시 강동구 가리봉동,010-3660-1543,22609
83,bxz3749,5359,최희준,7109032188177,여자,상주시 성동구 상대원동,010-5953-1023,0
84,byh8195,2584,장준연,8110262305768,여자,경주시 서구 기연동,010-8076-2894,107106
85,byn8109,7855,주신선,7701182327828,여자,성남시 중구 가야동,010-0156-6542,82002
86,bzb1099,6782,이빈규,8304132562938,여자,화성시 중구 준동,010-0096-5387,29663
87,bzq3739,6427,김선정,8707101490699,남자,경주시 강동구 문래동,010-8381-4572,102634
88,bzr7783,5966,임경빈,7006041898750,남자,부산시 서초구 문래동,010-9498-8578,32179
89,cao6774,0485,송빈혜,8109091415629,남자,울산시 중구 가동,010-1244-6489,90202
90,cbc5122,0668,한기혜,7911272704519,여자,전주시 북구 다동,010-2741-9195,0
91,cbd1698,2091,정혁신,8003251899557,남자,안산시 동구 북동,010-2446-7068,0
92,cbn2552,0596,강선규,9812141381931,남자,전주시 성북구 문래동,010-3730-8721,151418
93,ccl0031,2116,심한수,8204161995922,남자,대구시 강서구 연선동,010-4252-9938,54017
94,cdo5841,7954,정신정,8611201267056,남자,광주시 서구 기연동,010-6890-9539,162159
95,cem4297,1848,최하현,9512112412982,여자,대구시 중구 다동,010-1111-8361,0
96,cep5320,0850,심경빈,8010031545897,남자,나주시 북구 가리봉동,010-0072-7774,0
97,ces3086,1316,송수신,9405032765363,여자,대전시 서구 중동,010-9257-4443,0
98,cfb6528,8713,주기준,8608161173741,남자,광주시 북구 다동,010-0547-6491,143070
99,cfk0608,2241,강장혜,7310222665814,여자,울산시 성동구 나동,010-7808-3153,46994
100,cfp1087,0476,최규경,7304132523895,여자,남원시 중구 은행동,010-1767-2888,0
101,cfp2582,6809,정규신,7506231673804,남자,성남시 장안동 은행동,010-3070-2433,0
102,chw7687,7000,임준수,8509282586102,여자,남원시 강동구 상대원동,010-0198-7458,155836
103,cip0723,1151,강수수,7307202681690,여자,서울시 서초구 준동,010-0621-5166,33654
104,cjk9629,6296,윤정경,7108131563241,남자,남원시 동구 분당동,010-6279-3753,0
105,ckr6121,8269,심현정,8104011560948,남자,상주시 동구 가야동,010-4394-5442,78107
106,ckv0000,8784,주기장,8503182943377,여자,안산시 강동구 가동,010-8106-4866,84597
107,cms6685,5810,박수혜,9512201528601,남자,안산시 강동구 가산동,010-7669-0819,67470
108,cmy6931,6442,이정정,8607012921070,여자,안동시 동구 가산동,010-8459-3419,104401
109,cmz7341,2013,최기수,6906121911421,남자,대구시 강동구 은행동,010-0654-6041,62341
110,cnp8392,4446,송준선,8005091668239,남자,속초시 성북구 은행동,010-2094-4030,149809
111,cnt8001,0997,송연혜,9001192547346,여자,서울시 장안동 북동,010-7107-1863,76816
112,coe7958,7274,장기연,9012092740229,여자,강릉시 동구 다동,010-9076-6153,0
113,cpz0167,9217,심정준,9112182277924,여자,오산시 성동구 연선동,010-3364-8252,0
114,cqs9579,5000,한준준,7902141879438,남자,화성시 북구 은행동,010-5195-2162,138529
115,cra1925,3081,심규현,8701042609396,여자,부산시 북구 상대원동,010-7741-9878,0
116,cse7556,4264,임희준,9603161450644,남자,오산시 동구 금광동,010-3902-7565,182515
117,csm2239,2595,송희장,8510072735006,여자,천안시 동구 분당동,010-0281-9080,73216
118,ctk1156,5685,심신준,8402091747939,남자,속초시 성동구 장신동,010-9467-7750,0
119,cuc8559,1021,송수희,8108102382405,여자,인천시 강동구 다동,010-2203-0032,62495
120,cuv4485,1612,장희선,8403142862911,여자,대전시 북구 장신동,010-3614-8032,0
121,cvj8034,0380,주수수,7811071653417,남자,속초시 성북구 가동,010-2100-7318,155805
122,cwb6079,8367,장정신,9007201810934,남자,울산시 북구 문래동,010-3016-1648,27560
123,cwm8781,8979,한희경,8708151159954,남자,강릉시 동구 중동,010-7995-7926,27288
124,cww9116,5291,주기선,9706032599865,여자,강릉시 서구 은행동,010-8684-6220,0
125,cxq1477,3620,장하경,9308022398903,여자,안산시 북구 분당동,010-0011-2804,68908
126,cza0966,3581,김하선,9009212519867,여자,서울시 강동구 금광동,010-0581-3192,0
127,czs9619,0271,임연규,9803262784310,여자,부산시 강서구 북동,010-5837-3643,169329
128,dac7703,9369,한정준,8912251843316,남자,울산시 북구 가산동,010-5678-0181,32155
129,dam7623,9849,박혜준,9709252499626,여자,안동시 성북구 가리봉동,010-8851-8117,0
130,daw2186,9254,임준선,8709021639852,남자,성남시 서초구 상대원동,010-4842-5797,147026
131,dbf2238,4090,주준빈,9707141638923,남자,울산시 서초구 장신동,010-9285-6099,132139
132,dcc0177,6398,한혁선,8812192194278,여자,울산시 장안동 북동,010-4351-2364,43843
133,det2653,5127,윤현희,8408072431983,여자,경주시 서구 가동,010-1284-9742,69200
134,dey2485,3049,윤기경,8212232500473,여자,안동시 서초구 준동,010-5092-1390,85706
135,dfe3645,9915,장혁신,7702241788073,남자,상주시 성북구 분당동,010-1684-2550,0
136,dff7797,9713,주수선,9609252403518,여자,경주시 성동구 가산동,010-0223-7786,90896
137,dgt6551,4502,박신신,8811212325740,여자,속초시 강동구 가야동,010-5837-5393,34459
138,dgt9810,4989,정빈하,7909132890740,여자,성남시 서구 중동,010-6371-0053,30096
139,dij5790,4680,주빈기,7604282300851,여자,나주시 북구 준동,010-6785-5862,0
140,dit6055,9127,주하희,7310262577231,여자,서울시 서초구 다동,010-7792-0033,0
141,djh0873,5777,윤희하,9605222340987,여자,남원시 성동구 가리봉동,010-4519-6508,163180
142,djh6889,1300,김기혜,8111252688049,여자,성남시 성동구 문래동,010-7613-0640,196687
143,dkx0630,4558,이규혜,7205141325794,남자,대구시 서초구 문래동,010-1715-9427,177612
144,dnu9087,0685,박규수,6902211773839,남자,오산시 성북구 장신동,010-4624-5391,0
145,dod4356,1244,윤준신,9306231967994,남자,천안시 강서구 상대원동,010-2539-7411,103866
146,dpt1551,1897,이기빈,7301131184963,남자,서울시 성동구 상대원동,010-7071-4538,0
147,dqf7734,3168,주경혁,7502112601025,여자,울산시 장안동 금광동,010-8971-2165,0
148,dqx6685,9118,주규선,9412192629249,여자,안동시 서초구 금광동,010-7117-8790,0
149,dra7945,5383,정희준,8207041146594,남자,강릉시 서초구 문래동,010-0384-6324,175980
150,drn7492,8090,심경혜,9310101341213,남자,인천시 장안동 분당동,010-8898-8354,143028
151,drt2790,2267,장하한,9711241853901,남자,서울시 장안동 은행동,010-0268-4167,139874
152,dsf0319,9659,주기혜,7807142651567,여자,남원시 서구 다동,010-9168-5959,20758
153,dsg1930,9203,장준연,7505012631554,여자,상주시 서초구 북동,010-7622-8856,48475
154,dtn8596,6454,주선혜,8011271968582,남자,부산시 서초구 준동,010-4297-9674,0
155,dtx3333,9203,송연한,8306142894422,여자,남원시 북구 장신동,010-8178-1964,51437
156,dvi4110,6588,김준기,9204092301379,여자,서울시 북구 가동,010-0485-8658,0
157,dwj0576,1906,임연빈,7810072218862,여자,화성시 북구 금광동,010-6266-3161,0
158,dwy9718,0308,강준선,9511061660302,남자,오산시 북구 중동,010-2124-7935,79971
159,dyn6557,5145,임하한,9908051195390,남자,부산시 성동구 다동,010-8176-5871,67739
160,dzc3618,8556,한혜장,9301182226808,여자,광주시 동구 가산동,010-4553-5433,83598
161,eaj2648,8800,박하준,8601101200313,남자,수원시 중구 중동,010-2858-1701,0
162,ebn9881,3544,한현규,9507272393773,여자,부산시 서구 연선동,010-6914-6320,70126
163,ecl3992,0615,심희기,9812211777521,남자,안산시 강동구 중동,010-5143-5397,0
164,edr7702,6163,주경혁,9710061775419,남자,성남시 서구 분당동,010-2549-9216,0
165,eeu3636,7581,강현한,9904102946738,여자,화성시 강서구 기연동,010-8955-4406,0
166,efl3893,5048,송선혜,9801092938979,여자,대전시 서초구 문래동,010-6014-0065,11594
167,ego2910,6295,심수현,7307131702836,남자,강릉시 장안동 준동,010-7235-0958,0
168,ehm9470,0140,심기혜,8510211745417,남자,남원시 서초구 북동,010-8370-4994,0
169,ehz2849,0949,박선선,9603131324606,남자,화성시 동구 장신동,010-8281-0330,0
170,eij4571,2417,심혜규,9301012483292,여자,대구시 장안동 장신동,010-9213-0469,0
171,ejh1563,3833,장현현,8807012920678,여자,수원시 장안동 금광동,010-0133-8567,51931
172,eji1939,4172,한현준,8401161244062,남자,부산시 동구 가리봉동,010-7913-9964,89341
173,ejm6007,7305,김빈기,7102101113030,남자,전주시 서초구 연선동,010-8772-4417,0
174,ejp1585,9507,장하현,7611101882767,남자,부산시 북구 상대원동,010-9519-2628,86597
175,eke5739,0575,주하혁,9212042798972,여자,성남시 동구 가동,010-1571-6934,78186
176,eko4464,8182,장현빈,9405271574377,남자,부산시 북구 분당동,010-8218-2684,0
177,els5369,8246,박희규,9201282761578,여자,천안시 장안동 장신동,010-7430-1640,0
178,ely8495,3496,장한현,9304252286358,여자,오산시 성북구 준동,010-2438-4210,66115
179,emz0329,0065,김준수,9404091467249,남자,안동시 중구 가리봉동,010-4373-0951,166158
180,enb4902,9484,한준혁,8707082477135,여자,안동시 강동구 나동,010-5400-0311,0
181,ene2004,0676,최수준,7004281619449,남자,화성시 서초구 장신동,010-6111-0754,85884
182,env7629,8083,김기경,6904222659986,여자,화성시 장안동 은행동,010-8135-8038,4961
183,eoj4870,5623,최준혁,9607112782199,여자,전주시 북구 장안동,010-7009-8448,0
184,eqo6126,8707,심현한,9106012763211,여자,서울시 동구 기연동,010-6651-8596,87913
185,etm2663,0832,박수선,6909232815785,여자,광주시 북구 북동,010-7842-5974,184431
186,etx7900,0397,강혁빈,7806191918601,남자,안동시 강동구 북동,010-4398-8442,0
187,eum4621,5715,심신선,7011012307983,여자,대구시 동구 문래동,010-5805-6953,0
188,eup8199,2155,장정기,7408162448374,여자,속초시 북구 연선동,010-6032-4498,64211
189,evc6581,3052,이희경,7904092748094,여자,대구시 서초구 다동,010-0662-1698,0
190,evo9872,0701,이수준,9402161480380,남자,상주시 동구 북동,010-9088-1188,0
191,ewp8861,6129,강희혁,8211051722654,남자,안산시 성동구 연선동,010-8393-4698,0
192,ewu8536,3426,한빈연,7506152233232,여자,경주시 북구 가동,010-6894-3280,0
193,exw2520,3621,강혜빈,9911091370803,남자,대전시 북구 가산동,010-8390-2373,32306
194,eyv0541,7192,박현준,8307171694819,남자,대전시 강동구 문래동,010-1461-0093,22428
195,ezk3612,6329,임빈하,9507212825376,여자,대전시 서초구 북동,010-8988-7665,83913
196,fao5951,2836,최준준,7011112256837,여자,인천시 성동구 가산동,010-5846-7630,0
197,fas6612,7291,김준준,6908101533655,남자,대구시 북구 은행동,010-7226-2616,0
198,fau1792,8121,윤기수,7407011990674,남자,속초시 성동구 분당동,010-3816-4723,176336
199,fbf4809,1472,윤신준,9012192666277,여자,천안시 강서구 가야동,010-2779-1140,157776
200,fbp9562,3633,심정신,8812051695776,남자,남원시 중구 가야동,010-1923-0172,59937
201,fcq0376,8036,김빈하,8610181915739,남자,성남시 중구 준동,010-4538-9653,106398
202,fem4260,8509,최정혜,7802102617562,여자,대구시 서구 기연동,010-4269-7996,54084
203,feo0745,3510,송하빈,7708092860764,여자,수원시 장안동 연선동,010-3338-1409,0
204,feq0209,9852,한하기,9305191105317,남자,오산시 강서구 준동,010-3119-1843,4997
205,fer3238,6655,김신하,8504042822606,여자,남원시 서구 나동,010-2109-6242,180215
206,ffi8673,7750,장혜한,7706061668293,남자,서울시 동구 정자동,010-5605-6307,0
207,ffk3139,3176,한정경,8010202994465,여자,성남시 장안동 가산동,010-3062-9695,181511
208,fgq5223,0313,주연규,8610271326272,남자,천안시 장안동 연선동,010-5745-0288,0
209,fin2832,8027,김장선,7412022436279,여자,수원시 중구 금광동,010-7113-0678,0
210,fkr4503,2919,장연경,7411252805127,여자,상주시 서구 가산동,010-8795-6106,145344
211,flh3807,1702,김준준,9905152768315,여자,서울시 강동구 기연동,010-9189-5491,142093
212,fmd3033,3268,주정경,7808221872862,남자,대전시 중구 장안동,010-7139-8820,182325
213,fmg7506,2638,정혜정,7101061278489,남자,나주시 장안동 중동,010-9603-5558,0
214,fms6234,5562,김현준,7404221912226,남자,대구시 강서구 은행동,010-9168-5984,18479
215,fns7407,2528,심선빈,8112232828381,여자,인천시 동구 나동,010-5458-6095,15799
216,foa8678,4961,주혁경,8002011450300,남자,상주시 성동구 가리봉동,010-7308-9787,0
217,foe3555,9304,박준신,7109271133400,남자,울산시 서구 나동,010-3298-7142,0
218,fok9404,6905,한빈연,7108202209719,여자,강릉시 장안동 문래동,010-6437-5193,136051
219,fov8654,5347,박선준,7601031235647,남자,속초시 강동구 장신동,010-7554-8974,0
220,fpc0571,9987,송혜규,7507262643208,여자,남원시 강동구 북동,010-5392-3153,90124
221,fpg4811,9763,송선준,8705231976993,남자,안산시 동구 기연동,010-6248-9737,123005
222,fpj0238,5346,주준빈,8910132206816,여자,안산시 북구 가리봉동,010-4566-7598,146475
223,fpx8416,2087,심연수,8306151371341,남자,부산시 장안동 금광동,010-9969-9185,0
224,fqh6234,6105,강연하,8204212535601,여자,나주시 중구 장신동,010-8525-2570,0
225,fsf4472,5699,정빈장,9003022287082,여자,상주시 북구 중동,010-6223-5367,0
226,fss7131,3379,임수준,7104122137377,여자,나주시 서초구 장안동,010-4787-7582,54811
227,fwm9379,1561,정혁희,8709052412777,여자,오산시 동구 나동,010-8060-7296,137289
228,fww5580,6948,강규장,8510281981112,남자,대전시 북구 가야동,010-8790-9932,0
229,fxl5779,2819,한정수,9303151825290,남자,화성시 강서구 중동,010-7161-2606,0
230,fxs0850,7727,임빈장,8901031999859,남자,화성시 북구 기연동,010-2490-1643,24711
231,fyl0673,3847,이빈기,9306281715128,남자,광주시 성동구 장신동,010-6913-3455,0
232,fyo5614,7633,김하규,8311111120737,남자,상주시 성북구 가산동,010-8834-0268,109490
233,fyp3102,7958,임혜혜,8804112467582,여자,강릉시 장안동 장안동,010-5277-7038,65900
234,fyy5647,2340,강하준,9508202529953,여자,광주시 중구 문래동,010-6340-0346,0
235,gao4743,5011,송한선,8711132845295,여자,상주시 북구 금광동,010-6118-3818,132860
236,gar8236,6739,최장혁,8503182305061,여자,전주시 성동구 가동,010-0941-4216,0
237,gcn8099,0453,김혁혁,8007262233489,여자,나주시 서초구 북동,010-8174-7066,158996
238,gdp6855,4341,장장현,8506241293966,남자,안동시 북구 상대원동,010-5323-2326,122519
239,gdp8476,2105,정혁혁,9104191232175,남자,대전시 성북구 문래동,010-3280-2177,0
240,gew4656,0452,강혜빈,9712262697691,여자,대전시 강동구 분당동,010-9875-8348,0
241,ggk0155,2062,주장기,7709162231525,여자,나주시 서구 분당동,010-2236-9766,12929
242,ggp0371,3591,이연장,8508202995615,여자,서울시 동구 은행동,010-7351-4253,99148
243,ggq7575,9301,장선현,8204071588546,남자,나주시 강동구 분당동,010-8695-9790,167647
244,ghc6126,8536,심기하,7407161573892,남자,나주시 강동구 은행동,010-6292-2384,0
245,gig9428,3085,정정하,9603172970216,여자,울산시 북구 분당동,010-7130-0541,0
246,gju6944,8445,장신현,8111221739432,남자,성남시 강서구 상대원동,010-3663-5328,46791
247,gkd2546,0055,장정빈,7311202779587,여자,수원시 중구 은행동,010-4168-6867,182040
248,gke3052,6964,장규한,9401202221042,여자,경주시 북구 나동,010-7546-3824,149451
249,gld7272,9538,강기수,9305062743540,여자,전주시 성동구 중동,010-2220-0808,62107
250,gle7085,9162,정신빈,9303151225448,남자,경주시 북구 기연동,010-0699-6758,0
251,gmt9237,0310,장현한,8802111978805,남자,천안시 성북구 북동,010-0044-6519,120113
252,gmw7077,3475,김희장,9612241243670,남자,서울시 강서구 준동,010-9208-2227,0
253,gnc5646,3214,이수한,7002272689746,여자,대전시 강서구 연선동,010-3356-8629,106122
254,gol7927,4523,정선준,8206222371799,여자,인천시 장안동 정자동,010-9010-8044,0
255,goq6834,3502,강기연,9302042191727,여자,수원시 강서구 북동,010-1119-3189,0
256,gpn6328,0396,주혁정,7612161139387,남자,인천시 서초구 은행동,010-7886-1600,0
257,gpr1366,4823,한준한,7212041910134,남자,울산시 성북구 중동,010-5702-0102,0
258,gps2852,7618,김한경,9501241348332,남자,성남시 장안동 장신동,010-3292-7608,199331
259,gre9822,0381,장희빈,7408281645414,남자,안산시 서구 나동,010-4392-5469,0
260,grk1623,8060,송준정,6912242635815,여자,광주시 서초구 정자동,010-9245-1412,147078
261,grn5198,6442,송한신,9405062528094,여자,상주시 동구 연선동,010-6716-3905,30491
262,gsg7928,2465,윤연장,7705251574341,남자,울산시 서구 장신동,010-2981-7799,148912
263,gsh2599,4780,장선준,9408201582997,남자,서울시 강동구 기연동,010-1333-5502,140784
264,gsj9263,5267,장현규,7205201149151,남자,경주시 서구 정자동,010-5967-8728,0
265,gsy7284,4967,강장한,7308272372632,여자,안산시 서구 중동,010-5567-5452,0
266,gtj2753,7536,김준희,9811131841176,남자,나주시 강동구 가동,010-6025-9697,12206
267,gtl8266,8234,심기연,8005012822340,여자,경주시 장안동 기연동,010-4166-6197,10479
268,gvn4031,9615,송빈하,7606072422994,여자,서울시 서초구 금광동,010-9213-6850,0
269,gvx0550,1262,윤혁신,8604261194291,남자,성남시 성동구 가리봉동,010-9831-2995,0
270,gwe2730,6645,박빈현,7707071490814,남자,상주시 강동구 북동,010-7808-0256,0
271,gxc9982,8754,장준장,7409012338244,여자,울산시 강동구 금광동,010-8336-2004,81482
272,gxg2125,0666,이신혁,8706202764166,여자,대구시 강동구 기연동,010-9627-9885,131046
273,gxh9930,8352,정한장,7201122283562,여자,광주시 동구 준동,010-4536-9827,0
274,gxk2657,2894,장경연,8107261849319,남자,화성시 서구 상대원동,010-7557-7789,186260
275,gyo5428,9326,최규희,8005172907549,여자,광주시 장안동 가산동,010-6864-0124,16233
276,gze1525,3708,윤혁혜,8207201896560,남자,안동시 성동구 금광동,010-3594-3203,88840
277,gzu9556,7921,최기준,6911281337848,남자,나주시 북구 장신동,010-6603-3714,0
278,hab8136,9825,임경경,9111112602003,여자,안산시 서구 장신동,010-0696-8515,59828
279,ham1203,9153,최준신,8907032594148,여자,상주시 성동구 가동,010-4001-0038,0
280,hbk1448,1493,주연희,9504011453700,남자,서울시 장안동 장신동,010-7391-9281,0
281,hbx0605,3551,송희빈,9306182711231,여자,서울시 성북구 다동,010-2915-6044,0
282,hce1112,7216,최희연,7804251262196,남자,성남시 장안동 상대원동,010-4716-1473,0
283,hcm2623,3304,송혁선,7405011561432,남자,상주시 성동구 장신동,010-7990-6969,30106
284,hcz1193,9845,장준기,8408251409966,남자,속초시 서초구 북동,010-1529-2617,0
285,hdo6923,8096,강연준,9603262472373,여자,속초시 중구 다동,010-9043-3854,98909
286,hdu9490,1127,심선경,7908132328960,여자,안산시 중구 연선동,010-7566-6485,0
287,hdw9552,2903,이정기,9904112151029,여자,안동시 성북구 장안동,010-8151-6968,0
288,hea3000,8228,강준혜,8112211417276,남자,전주시 강동구 준동,010-8519-6285,13664
289,hex8946,3318,최빈준,8309051459880,남자,광주시 강동구 금광동,010-2200-7250,0
290,hfd1600,9539,윤장하,9507051509237,남자,경주시 장안동 나동,010-9012-5212,0
291,hhe0335,6704,장혁정,6908011249836,남자,울산시 서초구 가동,010-3465-7621,186249
292,hhn7751,4109,심수현,9206032804014,여자,전주시 성북구 다동,010-8454-7756,0
293,hhs1126,8115,이연선,9306162357330,여자,오산시 서구 상대원동,010-6580-0930,0
294,hki6154,6816,한하빈,9504102634024,여자,성남시 중구 장신동,010-0805-3941,60940
295,hlh7846,3421,한정혁,9707101946648,남자,나주시 서초구 북동,010-5028-0378,73810
296,hlm4249,3980,윤기한,8906152180671,여자,광주시 성북구 장안동,010-9106-7259,0
297,hmc8022,6576,김혜기,9102061772665,남자,안산시 중구 장신동,010-5348-8964,8523
298,hmi6909,4498,박혁기,7902192409516,여자,안산시 중구 정자동,010-1161-0808,0
299,hml0146,1428,이혁혜,7709232328296,여자,서울시 성북구 북동,010-6407-6237,0
300,hmq7555,5389,강혁하,9701131916634,남자,속초시 서초구 중동,010-7102-2499,0
301,hng3150,1055,윤혜신,8608221811933,남자,수원시 북구 준동,010-1755-5248,37287
302,hnk7577,9106,정혁연,7809242822318,여자,전주시 강서구 가야동,010-7486-9891,0
303,hno8049,7920,김준경,7112081928263,남자,속초시 서구 연선동,010-6936-0367,0
304,hny3652,1906,주하혜,8801272757496,여자,전주시 서구 가산동,010-7827-5100,0
305,how4620,5140,김경장,7007271770255,남자,성남시 강서구 분당동,010-5392-7337,0
306,hoy1265,2010,장신경,7012181191767,남자,광주시 서구 상대원동,010-5531-9632,142073
307,hpe9525,5297,한한혜,7007192486729,여자,전주시 강서구 정자동,010-1011-7540,115037
308,hph9673,2338,심빈장,8608112477770,여자,수원시 서초구 장신동,010-5650-4921,158014
309,hpk8196,3078,강빈경,8808141252859,남자,성남시 장안동 은행동,010-8788-2642,121318
310,hqo7699,2178,김하기,7612031876743,남자,상주시 강서구 장안동,010-9511-0235,190796
311,hqz2407,9339,심한한,8808032400428,여자,성남시 성북구 정자동,010-7338-2041,20590
312,hrl8752,4682,임신연,7006062317863,여자,천안시 북구 다동,010-6614-5447,0
313,hsa4722,7131,임혜정,7608201146148,남자,나주시 중구 연선동,010-4259-2922,0
314,hse9655,6697,강준현,9112272953155,여자,인천시 성동구 은행동,010-9455-9188,66468
315,hsh1635,9212,정빈준,7704192348457,여자,울산시 서초구 북동,010-2774-7610,78013
316,hsl6346,6339,주경장,7706091946969,남자,화성시 강동구 장신동,010-2479-9967,99731
317,htk7947,1280,최신빈,9404182631812,여자,화성시 강동구 금광동,010-1186-2087,38936
318,htr1225,0004,한혜한,9003032768273,여자,광주시 서초구 중동,010-1644-3497,0
319,hts3536,6620,송규준,7412011362169,남자,광주시 강서구 금광동,010-5862-6754,0
320,hue8693,9554,송혁선,7904011870199,남자,천안시 강동구 다동,010-0452-9902,124017
321,hvl7197,3360,정연준,7003131795215,남자,천안시 성동구 연선동,010-3158-6309,126218
322,hvv2989,5855,강준정,9907271479417,남자,천안시 성북구 나동,010-6226-9863,0
323,hwe6949,8283,임수기,7005201758379,남자,광주시 북구 상대원동,010-4121-7598,188727
324,hwn9119,3837,주혁규,7009011182934,남자,속초시 강동구 다동,010-1434-6665,0
325,hws3393,7930,윤준준,9904242992259,여자,상주시 강서구 북동,010-8719-4400,62209
326,hxo8933,2306,정신혜,8703161472109,남자,천안시 강서구 장신동,010-1789-6928,111952
327,hxy2149,9533,최희혜,9404112688683,여자,수원시 성동구 가산동,010-1567-2128,0
328,hyo8166,2517,이장혜,7811281243576,남자,광주시 성동구 연선동,010-9915-1621,24898
329,hyt0118,9490,송한희,8411262848569,여자,경주시 북구 연선동,010-4219-8732,164030
330,hzj2151,1480,강준장,7201192967770,여자,속초시 장안동 장신동,010-9002-0655,0
331,hzs7169,7039,강현혁,9903122471189,여자,서울시 동구 금광동,010-4405-7404,0
332,hzu2539,4066,송기혜,9408271252921,남자,남원시 성북구 연선동,010-6403-3154,0
333,ibh0761,3040,윤수장,7209052501206,여자,강릉시 북구 나동,010-1454-3113,10825
334,ibh7873,3825,윤희장,9702042788291,여자,대전시 강서구 기연동,010-0338-7897,99612
335,ibr1409,9005,한한준,7708142680128,여자,나주시 강서구 장신동,010-1731-8406,0
336,ibs8033,3190,강혜선,7602242268725,여자,안동시 성동구 문래동,010-0328-5948,0
337,ico9498,4854,송혁하,9510232615240,여자,대구시 서구 가리봉동,010-4085-4340,29393
338,idh7366,2455,심빈기,9511012926923,여자,부산시 서초구 가동,010-1087-7802,106833
339,ieb0767,0733,장현정,8901081292067,남자,강릉시 성북구 다동,010-5459-7674,0
340,ifb9744,3685,주장신,8408281854460,남자,부산시 강서구 가산동,010-4277-5565,79504
341,igp5340,6054,송수정,8108141437431,남자,오산시 성동구 상대원동,010-0341-3742,168851
342,ihv9569,2379,윤장경,7601141329314,남자,부산시 장안동 문래동,010-7521-9840,0
343,ijx3604,4403,심수규,9810081810571,남자,서울시 서구 북동,010-4361-9558,0
344,ijy1128,0967,김장정,8509052702957,여자,부산시 성동구 연선동,010-9302-3574,0
345,ilf3867,6622,최수혜,9704251470659,남자,인천시 서구 중동,010-2527-8689,78263
346,ill9727,4115,한규희,8501182206739,여자,강릉시 장안동 가산동,010-4708-3788,0
347,ims5374,7917,윤수경,9601052774745,여자,강릉시 성북구 가산동,010-9994-3410,199493
348,int1666,2073,장신빈,7601041844337,남자,대전시 서초구 가리봉동,010-0176-8295,171665
349,ioo1795,8045,최정한,7410161540999,남자,천안시 서구 장신동,010-0009-1477,14916
350,ipa2605,6276,이희정,8401051170399,남자,화성시 중구 나동,010-2758-6585,62331
351,ipf9840,5949,주하정,8605242179478,여자,광주시 중구 은행동,010-5008-7212,178370
352,ipu8761,5545,한현준,7402061294549,남자,서울시 동구 금광동,010-5251-3427,98779
353,irq2161,8122,장장하,8512171676579,남자,경주시 강서구 정자동,010-2145-1795,0
354,irs1417,4325,심연연,7012222427948,여자,천안시 강서구 나동,010-3745-9286,0
355,isg5463,9146,윤하하,7609172534719,여자,나주시 서초구 준동,010-4348-5987,50727
356,ism6665,0888,정기수,8211172736596,여자,나주시 북구 문래동,010-8845-2139,0
357,itj5156,6021,송선경,9007191975183,남자,천안시 중구 장신동,010-8761-6835,0
358,ium6930,9407,박하경,9903262291940,여자,성남시 강서구 가리봉동,010-3166-7776,53877
359,iur7915,0492,한기혜,8605091445003,남자,성남시 강동구 은행동,010-1403-3197,0
360,iux4321,1089,박연수,9305122501359,여자,전주시 서구 문래동,010-6602-7354,75478
361,ivb5817,9135,김혁현,8504222733012,여자,부산시 장안동 나동,010-5591-9375,0
362,ivc7192,8733,한현수,9905261917349,남자,광주시 성북구 중동,010-4855-4261,32020
363,iwp4617,6844,강경규,9907181109542,남자,광주시 중구 북동,010-3134-9207,0
364,iyl5335,1487,최하장,9704132317704,여자,상주시 중구 장안동,010-1540-7644,91865
365,iyo0565,9779,박현하,8905251593763,남자,나주시 서구 준동,010-8044-3808,51696
366,iyw6052,3399,이경혜,8611102678934,여자,인천시 서초구 기연동,010-4247-2885,71125
367,ize3396,2985,김연준,9305222473196,여자,화성시 서구 상대원동,010-8915-3960,0
368,izk7442,7327,장혜규,8607262891624,여자,서울시 서구 정자동,010-2631-8886,104733
369,izx4120,8068,한한혁,8012012296362,여자,전주시 성동구 가동,010-9467-8547,35978
370,jbi7029,2347,장수준,6902141375042,남자,울산시 북구 금광동,010-5970-4501,0
371,jce1767,3482,장경장,7611072476138,여자,성남시 북구 북동,010-5366-7160,169872
372,jdl4599,2969,장희한,8208122928039,여자,속초시 강동구 가야동,010-4454-9219,5953
373,jha7938,2366,윤현준,9601171950962,남자,속초시 중구 정자동,010-8536-1570,65473
374,jhg8007,8399,정준정,7410082444350,여자,안동시 서초구 상대원동,010-7647-3673,0
375,jia1041,1577,강현희,8710162170992,여자,대전시 동구 문래동,010-2705-4512,0
376,jic4838,4920,이혁준,7602141899177,남자,오산시 강서구 중동,010-0999-8130,121942
377,jiz7963,2425,강희연,8607212876332,여자,남원시 북구 가산동,010-1562-1556,0
378,jjs7583,6556,박선신,9808171470466,남자,상주시 중구 가야동,010-0347-2469,0
379,jku3671,2726,김현혁,8410251721784,남자,오산시 북구 가동,010-2929-6470,0
380,jlc7230,6632,주연준,8011021966171,남자,상주시 강동구 은행동,010-4070-8883,0
381,jlx1533,4244,박희장,9911252107506,여자,대구시 서구 준동,010-7733-5339,0
382,jni3400,5255,이경준,9808202811716,여자,안산시 강동구 연선동,010-2818-6807,27291
383,joh8368,5457,윤하현,9106021892674,남자,남원시 북구 분당동,010-6215-9297,121087
384,jqe6847,4510,윤현준,9611052975708,여자,서울시 동구 장신동,010-0498-2010,90977
385,jqz2454,2463,강기정,9112242488627,여자,서울시 강서구 상대원동,010-6790-7386,0
386,jso0871,3574,박연선,9908241744732,남자,대전시 북구 가산동,010-7635-3798,0
387,jun6190,1417,윤한규,9905081173802,남자,상주시 북구 분당동,010-7818-6842,0
388,juq3086,4321,윤현신,9812031714274,남자,안동시 서초구 나동,010-4036-2784,183721
389,juz0771,3605,한한신,7907161922125,남자,천안시 동구 가동,010-2906-3141,0
390,jvf0609,7443,윤준장,9701172174153,여자,오산시 북구 가리봉동,010-5026-3384,0
391,jvq9171,3226,이준경,8711041517299,남자,상주시 성북구 연선동,010-9153-6198,0
392,jxb2202,0664,강연준,8206052439126,여자,울산시 성동구 상대원동,010-0768-8498,21962
393,jxr4253,1037,박규경,7812161162847,남자,나주시 강서구 은행동,010-4794-0600,0
394,jym5461,5350,장신현,8506052564062,여자,경주시 중구 중동,010-1241-9072,132682
395,jzz2310,4461,박현현,8102192572022,여자,광주시 성동구 장신동,010-9824-6011,0
396,kbi5389,1430,강현정,7909242439341,여자,성남시 중구 준동,010-0925-6404,118124
397,kbp7521,9879,이한하,7707052814201,여자,광주시 강동구 정자동,010-8747-3681,45930
398,kda1625,4916,윤빈장,7311272716931,여자,광주시 중구 북동,010-2392-3053,23861
399,kdh5430,7456,장신신,8902131849995,남자,성남시 북구 기연동,010-7405-2988,0
400,kdm1954,0489,윤연선,7506122382523,여자,울산시 중구 정자동,010-4091-5704,0
401,kdt9236,5239,주혁장,8812061858127,남자,강릉시 서초구 준동,010-8418-0000,38376
402,keo4228,1638,심빈장,9508231833648,남자,상주시 서구 금광동,010-9535-6361,0
403,keo8135,4635,한준빈,9311042640456,여자,대전시 장안동 기연동,010-8439-1924,0
404,kfd2040,0004,송연준,7105242132110,여자,성남시 북구 기연동,010-4328-7975,0
405,kfd8891,0320,정하희,7802021437945,남자,인천시 서초구 상대원동,010-9383-0374,133403
406,kfr5791,0061,강연빈,7007212950978,여자,천안시 북구 다동,010-8333-2473,118892
407,kfv2729,2918,장한희,8604052477245,여자,남원시 장안동 연선동,010-4460-7479,180655
408,kgl2695,8412,김한규,9702021533999,남자,안산시 동구 장신동,010-8112-0389,0
409,kgv7047,7257,윤기혁,7511061506528,남자,부산시 성동구 가산동,010-1770-1649,188138
410,khg1731,0284,주준준,6911042150248,여자,상주시 북구 장신동,010-8873-1116,153031
411,kib0252,6959,장경준,8309072994167,여자,인천시 서초구 준동,010-4810-4743,50554
412,kik2027,5853,임준빈,8203062664066,여자,인천시 성동구 장안동,010-5625-8340,125623
413,kjg3117,6265,심장하,7706192644125,여자,강릉시 서구 북동,010-7416-5509,0
414,kjp0354,3166,정한신,7501071636759,남자,광주시 서초구 중동,010-4656-9495,127376
415,klj8246,6382,윤경규,9302091725416,남자,대전시 강서구 가야동,010-7250-7258,100244
416,klr4577,4659,임혜규,9409282795891,여자,안산시 중구 분당동,010-1312-4467,0
417,kmh8910,9817,장준희,8601062559862,여자,대구시 서구 장신동,010-9983-7914,195667
418,koa8986,8288,정준한,7310042841776,여자,부산시 강동구 연선동,010-9954-1707,0
419,koo5728,1843,이장규,9912071737466,남자,광주시 북구 중동,010-3858-3660,0
420,koz7068,3527,송현신,8110151564663,남자,수원시 장안동 분당동,010-7471-2903,21692
421,kpc4357,9272,이연선,8911092873508,여자,대구시 북구 상대원동,010-5964-1635,159261
422,kph2038,5553,윤혜기,8610142146378,여자,성남시 강서구 가동,010-5164-5554,69915
423,kpu9362,1107,강경기,9201182910624,여자,서울시 북구 장신동,010-1144-1721,0
424,kqo2979,1813,주빈빈,9906062720482,여자,안동시 강서구 연선동,010-0228-1628,79874
425,krv4357,7008,장규규,8111232539726,여자,인천시 서초구 금광동,010-1755-7096,0
426,ksu9724,5595,장선준,7911172338652,여자,전주시 서초구 가리봉동,010-8415-3907,28655
427,ksz9761,7095,한빈혜,9805121432658,남자,서울시 강동구 가동,010-7462-2677,86571
428,ktd0562,9307,정선수,7706011205157,남자,상주시 북구 정자동,010-7003-8623,0
429,ktm9028,9079,이하희,9903211222530,남자,광주시 성북구 장신동,010-2520-9739,117179
430,ktv2950,0583,임정혜,8008282704349,여자,강릉시 북구 장안동,010-9420-9051,0
431,kug2666,7604,이혁하,9605111119595,남자,부산시 성동구 기연동,010-3626-1865,158451
432,kum4246,5586,최혁장,7307011147062,남자,광주시 북구 북동,010-9722-5669,0
433,kur6391,3360,송규규,7003142150287,여자,전주시 성북구 장안동,010-8682-1870,13141
434,kux0834,8058,한선선,9201281305848,남자,속초시 강동구 문래동,010-4240-7925,136040
435,kwg5829,5497,강장하,6909271413870,남자,전주시 강서구 나동,010-4535-8184,111654
436,kwg9862,0324,임혜수,9007142228136,여자,부산시 강서구 문래동,010-9142-3788,0
437,kwo9037,4958,정규규,7009051116192,남자,부산시 서초구 가산동,010-5375-8969,141209
438,kws7905,5125,최장하,7410272904755,여자,안동시 북구 은행동,010-7918-2725,0
439,kxf9826,8797,송신한,8905152838011,여자,천안시 동구 가야동,010-5722-4056,0
440,kxi1828,3555,주수선,8402161725640,남자,화성시 북구 금광동,010-1118-9606,0
441,kyo9213,4082,한혁선,9508021899267,남자,수원시 북구 상대원동,010-2337-0786,0
442,kyt0769,6125,강수정,8201021274691,남자,대구시 동구 준동,010-4867-1249,0
443,laf4490,7620,임선희,7109082340855,여자,오산시 성동구 금광동,010-7620-2788,132264
444,lbi8366,4559,박연혁,9001271779683,남자,화성시 중구 정자동,010-7656-6391,24259
445,lbr0784,9670,장하규,7002082822716,여자,안산시 강동구 나동,010-5821-9038,0
446,lcj2291,9143,윤정장,9609132835047,여자,남원시 장안동 다동,010-1327-1701,0
447,lcr1827,2631,주현현,7407132247783,여자,남원시 성동구 문래동,010-5794-8281,0
448,lcu3100,5329,최한희,8804192959442,여자,상주시 서구 가산동,010-8532-2037,0
449,lcu5246,6156,장현한,8506192590828,여자,화성시 북구 정자동,010-0820-7331,0
450,ldf9473,6400,주연혜,9212041896013,남자,강릉시 성북구 다동,010-9288-3001,39604
451,ldi9438,7260,최선경,8305272293625,여자,인천시 성동구 정자동,010-8006-6825,0
452,ldj2771,5721,윤장경,8803051767339,남자,강릉시 북구 장안동,010-5481-8606,60737
453,ldn7794,7516,장현신,7508041389775,남자,인천시 성북구 가야동,010-9082-5620,0
454,lfi2999,1246,최기연,9103081678818,남자,화성시 북구 연선동,010-1535-4243,0
455,lfq0783,0267,장빈선,9812082282376,여자,화성시 성북구 은행동,010-6707-0537,152512
456,lgr1831,6704,송현수,7108272616356,여자,수원시 동구 북동,010-6686-6649,58042
457,lgv5245,5130,최규신,7206051805601,남자,속초시 성동구 문래동,010-2369-6585,177813
458,lih1182,6511,주정하,8302081347337,남자,오산시 강서구 준동,010-5423-4385,0
459,lji3671,2776,장기혜,9703201613315,남자,광주시 장안동 다동,010-6102-9384,0
460,lka8089,1648,이희하,9102111477441,남자,오산시 강서구 가동,010-6610-2202,175959
461,lkc9737,8482,송연연,8105082696964,여자,인천시 성동구 분당동,010-8688-8524,0
462,lnh5546,6914,송빈수,8504151956056,남자,대전시 북구 상대원동,010-9440-5097,90400
463,lnl9381,9799,주빈빈,8109011594911,남자,광주시 중구 다동,010-7338-4862,0
464,lno8679,2943,주선연,9311101175890,남자,나주시 북구 정자동,010-4410-0461,0
465,lnw9740,0347,김하경,7809201666703,남자,남원시 북구 다동,010-2046-6099,0
466,loi0404,2018,주정하,9807162770937,여자,나주시 북구 연선동,010-8523-9677,0
467,lpc4493,3421,장연한,8904171565878,남자,부산시 강서구 분당동,010-0517-2201,0
468,lqd8028,1325,이신규,7406271557992,남자,강릉시 동구 북동,010-8805-1028,0
469,lqe0990,6082,심혁한,9903212876259,여자,광주시 북구 나동,010-5440-9174,0
470,lsj6321,0979,송빈현,8907202696477,여자,울산시 성북구 장신동,010-4203-8433,0
471,lwg2140,5018,박선정,8404282826191,여자,경주시 북구 준동,010-6357-7876,0
472,lwy6981,9348,장혜한,7905062753948,여자,전주시 서초구 장안동,010-8773-1057,0
473,lxj0602,0747,장희장,9602121700124,남자,울산시 강동구 장신동,010-1123-3332,0
474,lxt1871,7119,윤연규,8806141567142,남자,대전시 강서구 장신동,010-5022-6287,81323
475,lyq8076,3677,한하준,9901012380369,여자,인천시 성북구 가산동,010-4819-2691,0
476,lyx6244,0193,심하연,9210081378523,남자,천안시 서초구 가야동,010-1721-2056,0
477,lyz5005,1148,김준혜,7408132968199,여자,속초시 장안동 가동,010-4206-1890,0
478,lzp0394,1506,장선혜,7501211734122,남자,나주시 장안동 준동,010-5812-2131,0
479,mbk6580,4310,장준하,7702251852403,남자,경주시 성북구 장신동,010-6448-7485,0
480,mbm0829,0328,심규혁,9809171353298,남자,화성시 서초구 북동,010-5379-1647,58782
481,mbo7721,2016,윤정기,7412102418151,여자,남원시 북구 가리봉동,010-6542-9004,0
482,mcg2419,3226,윤빈희,8005241829812,남자,대전시 서구 다동,010-1475-4329,0
483,mcm0497,3480,윤기기,8110072335236,여자,남원시 동구 은행동,010-3320-1348,171426
484,men2489,8020,주규기,7001101795447,남자,경주시 강동구 가리봉동,010-5671-0464,56566
485,mfi7618,4416,주혜혜,9812101611310,남자,서울시 북구 중동,010-3018-3628,0
486,mfx8676,9047,박혜수,9107251471694,남자,속초시 강동구 북동,010-7132-1792,0
487,mga5821,8791,장기경,9504161005487,남자,오산시 북구 가리봉동,010-2567-4201,0
488,mhx9892,2840,장규정,7005231800884,남자,속초시 서초구 은행동,010-9876-5460,0
489,miz3119,7247,심신연,9012152702496,여자,강릉시 성북구 장안동,010-7729-7120,0
490,mjc3174,0550,이준정,8102212816644,여자,성남시 강서구 문래동,010-4494-3022,0
491,mkf8302,8366,송수희,9507071356864,남자,남원시 북구 가산동,010-4007-2922,0
492,mla0393,3707,주기하,7912032244994,여자,부산시 장안동 가산동,010-0637-9113,0
493,mld4223,6877,주신희,9110192806225,여자,성남시 동구 가야동,010-2229-9557,0
494,mld8506,3559,심신혁,9001071158876,남자,속초시 북구 금광동,010-8501-8077,0
495,mnj8981,6088,송연희,9211121289551,남자,천안시 서구 장안동,010-7210-5906,0
496,mnm9401,8319,주수혜,9209122600783,여자,수원시 서구 기연동,010-6025-4678,0
497,mnw9895,3550,심장한,8612281683567,남자,안동시 성북구 기연동,010-8555-5131,0
498,mpa4092,5211,송연현,7312041462315,남자,수원시 동구 중동,010-2344-4491,175481
499,mpe6695,5369,심장연,8511011540751,남자,나주시 강서구 정자동,010-3185-5657,124951
500,mpf6906,8661,송빈혁,7311272838779,여자,광주시 중구 기연동,010-3026-4868,98377
501,mpg8270,5030,정신준,7004122910052,여자,성남시 중구 가리봉동,010-9387-9327,0
502,mqq2611,5955,임규신,9111071247931,남자,남원시 강동구 다동,010-2213-3110,0
503,mrb2759,9464,강혁연,7307161622885,남자,전주시 성동구 다동,010-7071-5024,119384
504,mrc3500,4715,주희희,8307022782013,여자,속초시 장안동 나동,010-5024-5026,133408
505,mrq9840,5484,강신혁,8907141748787,남자,안동시 북구 북동,010-6927-6876,170057
506,mrz0006,2652,김장수,9308282168802,여자,서울시 강동구 은행동,010-5455-6824,0
507,msb7567,1696,주선준,8206281456129,남자,울산시 성북구 가야동,010-0662-7205,0
508,msn1462,6468,장수연,7707082923870,여자,대전시 서초구 분당동,010-8776-8741,156095
509,mto9545,7801,장준선,8411242937252,여자,강릉시 성동구 다동,010-7255-2747,0
510,mtx7149,1757,정하혜,9802241438716,남자,성남시 성동구 준동,010-4063-8261,0
511,mum2169,8335,박현수,8709141890975,남자,서울시 성북구 연선동,010-1609-3833,0
512,muu0626,8415,윤규한,7906271520434,남자,전주시 성북구 다동,010-4979-8436,0
513,mvm4860,3287,한하정,8410201219384,남자,대전시 성동구 은행동,010-1581-4257,113585
514,mvv2852,8650,한선경,9102051143628,남자,전주시 중구 중동,010-9652-0078,0
515,mwq6430,4824,정현준,7410031595606,남자,남원시 서구 분당동,010-8949-8745,0
516,mxm1667,9247,이경장,7906261303516,남자,서울시 성동구 장안동,010-1572-2621,0
517,nag6092,2532,장빈혜,8803131434652,남자,인천시 서구 금광동,010-9941-6029,0
518,naw5842,9794,주정선,8704022548721,여자,경주시 서구 가동,010-3292-1501,0
519,nbe3828,8246,송정선,9603012424281,여자,대구시 강동구 가동,010-3937-2648,0
520,nbf0278,7736,심준정,7512041982691,남자,부산시 북구 장안동,010-9899-3787,144338
521,nco1611,4281,한희연,8003261751383,남자,서울시 북구 상대원동,010-6289-6733,0
522,ncz2889,7145,박신연,8807071499856,남자,광주시 동구 다동,010-8853-8760,176460
523,ndh8997,9000,강준선,8410132507005,여자,남원시 북구 문래동,010-5493-3587,0
524,ndt4636,9728,박정장,8605131918655,남자,안동시 성동구 중동,010-7335-2237,0
525,ndu1972,7340,윤혁수,9412072472465,여자,남원시 동구 중동,010-3532-5272,0
526,ngq6016,6747,이장정,7206041778240,남자,강릉시 성북구 가야동,010-2114-0350,0
527,nhb5077,2840,심준경,7506141467605,남자,울산시 서구 금광동,010-1008-7698,27035
528,nhm3017,8168,한정희,9201062851445,여자,대구시 장안동 가리봉동,010-2649-6769,182949
529,nit5110,2374,송준빈,7207281731629,남자,속초시 성동구 분당동,010-8871-0406,146500
530,njr8689,5270,장정희,7010122618854,여자,수원시 서구 장신동,010-1477-2138,0
531,njt4796,9932,이경기,7212172891075,여자,서울시 서초구 북동,010-5878-6178,49597
532,nke1332,9344,김정하,9204111744714,남자,나주시 동구 분당동,010-6234-0418,0
533,nlw8943,6306,강정장,7201101673772,남자,부산시 성동구 연선동,010-4501-8716,57093
534,nmy2190,4522,한장경,8804111114083,남자,경주시 강서구 북동,010-2613-6689,34560
535,nne2281,1965,장혁연,7104081228406,남자,수원시 서초구 정자동,010-0222-6908,0
536,nny2466,9820,한정현,9301081775132,남자,강릉시 장안동 가리봉동,010-4332-5457,150825
537,non9050,8824,윤준규,8612262495081,여자,안산시 서구 가동,010-7265-8688,0
538,nqc1266,6173,장규기,6910101684567,남자,오산시 강동구 다동,010-1689-1933,161989
539,nri7488,3650,장준수,9911242980067,여자,강릉시 서구 준동,010-3619-6792,0
540,nsi6274,1450,주준연,8601192315619,여자,강릉시 동구 상대원동,010-9076-7556,0
541,ntc8923,5971,송신빈,8304161577152,남자,서울시 동구 준동,010-1419-6993,153574
542,nty2293,6826,박준경,8102101657960,남자,속초시 장안동 정자동,010-8897-7966,0
543,nty7960,4602,최혜기,9201041954221,남자,나주시 강동구 장안동,010-5424-0843,122004
544,nuc1837,0409,장장혜,7902102887645,여자,울산시 북구 북동,010-5072-5984,0
545,nuh9876,9136,박기준,6911031397478,남자,전주시 서구 가산동,010-4814-8025,0
546,nvh5114,6338,윤하한,9201212846284,여자,경주시 장안동 나동,010-3910-8932,0
547,nwf5424,0554,윤빈경,8301201154196,남자,대구시 강동구 북동,010-6556-4363,48411
548,nwj9502,8452,최경빈,9606141876238,남자,성남시 강서구 분당동,010-5083-3821,174670
549,nxc3572,3500,장혜준,9006211478851,남자,대구시 성동구 금광동,010-0109-2130,9732
550,nxr0235,5983,주빈기,7003122487776,여자,서울시 강동구 분당동,010-9021-0112,0
551,nzb3767,8539,정희하,9907131798838,남자,화성시 서구 가리봉동,010-7491-3381,195973
552,oan9206,9954,장규현,8007251207343,남자,대전시 북구 장안동,010-9029-1058,2194
553,obl3957,6628,정하혁,9604092923390,여자,속초시 강서구 준동,010-3182-5156,15342
554,ocf8024,0532,송혜혜,8306281176020,남자,대전시 성동구 가야동,010-4361-0091,0
555,och5926,6228,송경하,7307071342857,남자,강릉시 서초구 금광동,010-1743-0180,0
556,och7915,0207,송선정,8210272245747,여자,속초시 동구 나동,010-5011-7655,53001
557,ofc4086,6033,임규하,8512052134471,여자,화성시 성북구 연선동,010-6209-8172,46492
558,ofd2724,9191,심혜신,6903232630863,여자,대구시 강동구 은행동,010-7473-7095,41495
559,ofe7343,0753,한기희,9608282128640,여자,상주시 동구 장안동,010-2150-5482,0
560,ofu7361,3547,김혁장,8904142263444,여자,수원시 장안동 장안동,010-7129-1299,175493
561,ogl1180,9179,이경경,7901101355996,남자,경주시 강서구 다동,010-7527-9006,142397
562,ogp7088,5656,박선하,7905171708979,남자,나주시 북구 준동,010-3757-6721,186575
563,ogr6179,5295,이현기,7209262445175,여자,대구시 북구 가야동,010-9328-6754,0
564,ohv8298,6342,한한준,7306262843410,여자,천안시 서구 기연동,010-3759-8356,22761
565,oiq8837,2827,강준신,7807191245718,남자,부산시 장안동 다동,010-3727-4848,43770
566,oix8539,5039,강장경,7006142251886,여자,전주시 강서구 연선동,010-4734-9385,38203
567,ojt4137,4774,이정빈,7907222310519,여자,서울시 장안동 중동,010-9710-1720,0
568,oki7576,4868,정경수,6909282719603,여자,천안시 성북구 문래동,010-3895-5648,0
569,omk5407,0274,장기경,9511041474475,남자,나주시 북구 연선동,010-0843-4056,168687
570,ono6943,9696,김준혁,8212192395412,여자,상주시 북구 장신동,010-2631-0993,0
571,oob2343,0723,김장수,8402181411743,남자,강릉시 서구 가산동,010-4483-5571,0
572,oom8124,7303,주혁연,8411132385945,여자,강릉시 중구 준동,010-3981-3351,9805
573,oor2870,2554,이연혁,7801182736081,여자,수원시 중구 나동,010-8557-7784,0
574,opg4488,9775,최기신,9011082465609,여자,강릉시 성동구 가산동,010-8447-1071,0
575,opp3606,0355,장하선,8511102823183,여자,성남시 성북구 가야동,010-0602-3885,0
576,oqh7829,3358,박장규,8611281700276,남자,오산시 강서구 다동,010-0141-9147,120848
577,oqw8417,4231,한희현,9206202403937,여자,속초시 북구 상대원동,010-1389-6510,176091
578,oru9584,3335,한준장,8501142572358,여자,인천시 서초구 가리봉동,010-9263-7582,27081
579,oso3631,8650,주희현,8805031711728,남자,안동시 서초구 은행동,010-0534-2672,27787
580,osy7311,0623,한장신,8704202795115,여자,대구시 성북구 장안동,010-5759-4071,146009
581,ots2239,0141,송희기,7103271228480,남자,남원시 북구 연선동,010-8602-1914,143686
582,oty7536,6891,장기준,7710262808055,여자,오산시 성동구 연선동,010-5876-1232,0
583,ovj1181,4253,정선선,8202081201847,남자,상주시 서구 준동,010-5223-7098,0
584,ovu5909,8456,강연선,8109151420118,남자,수원시 장안동 중동,010-8570-6954,121048
585,oxl1156,5764,윤현장,7811272125166,여자,광주시 장안동 연선동,010-3546-3691,0
586,oxv5446,5044,윤규준,7708072857122,여자,인천시 강동구 은행동,010-9631-9076,0
587,oxy1751,3400,강수현,7404192288572,여자,천안시 성동구 정자동,010-3490-2976,178023
588,oxy6218,7823,김신연,7211162511815,여자,대전시 중구 은행동,010-1084-0461,0
589,ozo8374,5237,김희연,9110132203431,여자,오산시 서구 금광동,010-2682-1267,27691
590,ozp2862,3510,이희규,8706071783228,남자,강릉시 성북구 가리봉동,010-3058-4268,17676
591,ozq5209,1039,박현준,8702251806981,남자,강릉시 중구 중동,010-9189-4453,107732
592,ozv8473,3198,한규기,8108082608854,여자,인천시 강서구 가야동,010-3135-4791,80275
593,pck8315,7681,강신기,9109191430863,남자,수원시 강서구 가산동,010-2460-2465,53378
594,pcl8823,6137,강연연,9404022922652,여자,서울시 동구 가산동,010-7873-5615,0
595,pcn5973,6936,이혁혜,9905112251050,여자,상주시 성북구 분당동,010-0993-3063,0
596,pco8916,5213,정현혁,9402221587229,남자,천안시 성북구 정자동,010-5949-7021,105524
597,pdc2933,0285,김준규,9910041652055,남자,안산시 북구 준동,010-0602-2530,14083
598,peq4885,2707,심한하,7009061186175,남자,서울시 북구 다동,010-3494-4602,0
599,pes3182,0226,최준빈,9508102205949,여자,속초시 강동구 장안동,010-5547-4640,0
600,pet3624,6140,장혜정,8204201220375,남자,안동시 강서구 북동,010-5126-3974,0
601,pet5408,5991,강기신,8502192520728,여자,성남시 북구 장안동,010-7556-2522,0
602,pfx2993,1940,윤혜혜,7007202216703,여자,안동시 장안동 상대원동,010-4498-7732,0
603,phs8123,2468,강혁선,7109182875791,여자,수원시 장안동 연선동,010-9163-7286,0
604,pjf8928,5867,박신선,7509151957942,남자,속초시 동구 장안동,010-5891-0311,0
605,pko9150,9666,주수준,8212241699000,남자,대구시 성북구 가야동,010-8090-4493,0
606,pks3644,5162,정준선,9001211485261,남자,성남시 중구 장신동,010-5270-3429,125821
607,plb3361,1107,정준준,7406271231448,남자,서울시 장안동 은행동,010-3232-3232,0
608,plo0452,1453,주연혜,7402161550259,남자,속초시 북구 중동,010-2195-6296,171830
609,plv0821,5510,강빈신,8005252437286,여자,안산시 서초구 은행동,010-0913-2865,0
610,pmr0079,5245,심혁선,9604032441488,여자,전주시 북구 장안동,010-4152-5387,80110
611,pnz7871,7694,강빈장,9409142283658,여자,안동시 성동구 금광동,010-5537-7477,6574
612,poe2581,0078,임하장,8301142765636,여자,울산시 장안동 장신동,010-1003-2278,132615
613,ppe9019,4935,윤신빈,8505271348748,남자,대구시 서초구 준동,010-7739-5584,252
614,prd1062,6693,심기장,9508041412629,남자,서울시 성북구 분당동,010-6650-9767,0
615,pre2408,2534,임한신,7504142497449,여자,서울시 성동구 기연동,010-9501-3731,0
616,pri3026,9560,정빈현,8801072144652,여자,서울시 성동구 장안동,010-1883-6562,0
617,psd0310,5067,장선하,9402131368015,남자,대구시 서구 장신동,010-6695-9866,153022
618,pti1739,5309,주준준,8310201983641,남자,전주시 서구 다동,010-1906-9482,13104
619,puu8361,6744,주장한,8905062911885,여자,상주시 중구 준동,010-1733-9117,0
620,pvt6025,2099,박연장,7704241557725,남자,인천시 성북구 가리봉동,010-8561-1467,0
621,pvx7979,3749,심수정,8304121891556,남자,울산시 동구 가야동,010-4409-3405,0
622,pwv5755,8043,강기준,9103081804286,남자,오산시 북구 문래동,010-4656-7267,0
623,pyj6151,0832,박준하,8209181639323,남자,서울시 장안동 기연동,010-1261-0429,0
624,pyk5449,2015,임한하,8409222780234,여자,오산시 중구 가야동,010-4456-3303,7635
625,pyy5997,6930,윤혜빈,6907202566704,여자,인천시 성동구 기연동,010-0721-6418,145775
626,pzh8957,4792,강빈기,7812052887827,여자,천안시 장안동 준동,010-9549-8566,0
627,qan6464,4549,심빈현,8102231800863,남자,천안시 북구 가야동,010-1488-0659,0
628,qbx5693,9360,심정장,9407152963238,여자,오산시 강동구 가야동,010-7170-6709,136897
629,qcc9366,4267,정혁준,9709032699504,여자,경주시 장안동 북동,010-2756-9030,25647
630,qcf2400,9075,윤규기,8409262536250,여자,경주시 성동구 장안동,010-5855-0439,0
631,qdg6196,1405,정정하,8506232205007,여자,남원시 북구 나동,010-3633-7508,174020
632,qec0075,6980,정수준,8602252148350,여자,대구시 성북구 분당동,010-4787-4187,0
633,qey0067,8521,장수신,7702092122596,여자,나주시 강동구 준동,010-5368-0665,157542
634,qfl7693,4544,장혁한,7110272196148,여자,화성시 서구 나동,010-8080-9428,134339
635,qfp6329,0302,강장현,7804252836785,여자,안산시 성동구 상대원동,010-9087-9139,152534
636,qgu3662,4113,박한한,8204111659211,남자,속초시 북구 상대원동,010-5620-6864,0
637,qhf8862,7750,심신신,9406121622577,남자,성남시 성동구 장신동,010-5122-2556,93103
638,qhn1888,0220,김현준,8903111230355,남자,서울시 강서구 가동,010-1544-4892,0
639,qil5776,4250,강신신,9508181424572,남자,속초시 동구 북동,010-2636-3380,0
640,qkh3436,6260,주하신,8302121597256,남자,대구시 북구 은행동,010-5400-8182,117672
641,qko7536,4351,최장혁,9110221930808,남자,광주시 서초구 금광동,010-2302-4338,133478
642,qkt7083,9923,김준혜,9708192860599,여자,안동시 북구 상대원동,010-5850-1455,0
643,qku6354,0219,강신혁,7706212154611,여자,화성시 강동구 다동,010-8651-3463,0
644,qmt2874,4812,김연규,9801082898473,여자,안동시 북구 장안동,010-2925-5227,165402
645,qpo4386,4676,김희빈,9105262300951,여자,화성시 강서구 장안동,010-6854-8740,177080
646,qps0036,9866,주혜선,9107082545484,여자,오산시 북구 가동,010-2214-3516,0
647,qqm8798,1811,김현준,7907211545837,남자,수원시 북구 북동,010-0512-9528,161163
648,qsc5563,3103,강한수,9211282878291,여자,안산시 북구 은행동,010-5589-5913,20956
649,qsw4166,5430,박경혁,8610212410297,여자,전주시 강서구 가야동,010-9279-9971,0
650,qtg0298,6551,최혜신,8602132137493,여자,광주시 중구 정자동,010-0183-7831,104683
651,qtg8903,3373,임혜규,7308111365376,남자,나주시 서초구 가야동,010-7120-7360,0
652,qtv3671,1254,장규신,9606222381634,여자,성남시 강동구 장안동,010-5622-5548,0
653,qve3946,5500,한준정,8601272581150,여자,안산시 서구 장신동,010-9718-9062,65062
654,qym3311,2130,임정규,9304121882103,남자,안산시 서초구 가리봉동,010-1474-7343,0
655,rfh9657,1497,주수수,9603261536617,남자,오산시 서구 가리봉동,010-3214-4589,85221
656,rfq5492,0839,박기연,7009241648770,남자,상주시 장안동 가리봉동,010-3389-2609,0
657,rgx4414,3500,한신현,9606042387035,여자,울산시 강동구 문래동,010-2529-3074,0
658,rha2106,7217,장기희,9412031109548,남자,남원시 동구 분당동,010-5215-5764,195334
659,rib6316,7014,박연기,9909101477239,남자,천안시 강동구 정자동,010-9671-6319,0
660,rkh3720,4902,장경한,9012011483557,남자,수원시 성북구 장신동,010-7153-7121,0
661,rks0287,0459,박신정,7906191285089,남자,서울시 북구 정자동,010-3593-3757,0
662,rlg8020,4414,정한혜,8309041893634,남자,화성시 북구 중동,010-1354-4284,12032
663,rmj7343,9176,박경기,9111012668311,여자,나주시 동구 가리봉동,010-5737-2507,190599
664,rmt3569,9626,박혜준,8109222999678,여자,강릉시 성북구 가산동,010-7833-5277,0
665,rmz8695,5798,박규수,9309041502143,남자,남원시 북구 가동,010-3552-6053,89668
666,rnm5288,2254,한하경,9401211757105,남자,남원시 서구 가리봉동,010-4283-6077,172400
667,rnu2646,8715,장경정,7603171190877,남자,전주시 강서구 은행동,010-7316-0215,168396
668,rny1716,4242,임희한,8312092578104,여자,상주시 성동구 분당동,010-2395-4438,179647
669,rok1406,4750,주준준,9407221432538,남자,전주시 북구 가야동,010-8464-4917,11027
670,ror9062,7158,주하수,9402152232418,여자,울산시 북구 장안동,010-9710-1312,0
671,rot0124,7629,송희혁,8303071337638,남자,부산시 장안동 정자동,010-6546-6737,0
672,rpb0939,2576,최연하,6902092932423,여자,인천시 성북구 가산동,010-2428-5387,0
673,rpz5559,6797,송신한,9708251768311,남자,안동시 성동구 분당동,010-4775-8212,0
674,rrm2043,2050,최준신,8510011984286,남자,성남시 성북구 장신동,010-9076-5786,61569
675,rsn9877,8006,박선선,7810121266139,남자,서울시 북구 문래동,010-6803-6466,0
676,rtt5300,3449,강빈장,7801071668285,남자,남원시 중구 북동,010-3230-5362,100592
677,rty8525,0594,장희신,6905192365599,여자,서울시 강서구 가동,010-9120-3928,0
678,rua6898,6543,심희정,9003111125327,남자,부산시 북구 연선동,010-0607-1169,0
679,rug5594,3683,주현규,8103212218302,여자,광주시 강동구 중동,010-8828-3960,22855
680,ruv4401,3854,장희하,7706082831530,여자,부산시 강동구 중동,010-5359-7227,43743
681,ruz5578,7616,최현규,9710201645366,남자,안동시 서구 다동,010-1932-0858,0
682,rwb1686,6248,임빈준,9611061326720,남자,안산시 강동구 장안동,010-9813-3641,0
683,rwi5872,9761,강현빈,7609281157363,남자,속초시 강서구 가리봉동,010-5103-8851,0
684,rwl1920,3583,박하장,9803122556561,여자,강릉시 중구 분당동,010-1234-6923,36945
685,rwm7287,6428,송선기,8512041951701,남자,안동시 동구 상대원동,010-6460-2603,0
686,rzh3033,5246,장혁신,7901072874594,여자,안동시 중구 문래동,010-3079-9200,101095
687,sbw5404,9640,이혜경,8309192360329,여자,화성시 서구 장안동,010-5919-8449,0
688,sca0281,1861,박규혁,8511101382983,남자,화성시 동구 문래동,010-0463-7386,0
689,scl5280,6529,장장준,7108092286206,여자,부산시 북구 분당동,010-1391-2184,197599
690,sec4102,2457,김하한,7905162911393,여자,서울시 북구 분당동,010-0454-5109,85968
691,sej1841,4278,심빈혜,9607142387664,여자,대구시 북구 상대원동,010-6446-5977,0
692,sfi9792,4742,윤준빈,9903232753702,여자,수원시 강서구 연선동,010-3633-7711,46889
693,sfy3442,0640,한기빈,7704142588159,여자,전주시 강서구 상대원동,010-3962-6830,114103
694,sgx7041,9590,임경혁,8404101557760,남자,화성시 강동구 연선동,010-0674-9320,0
695,sgy0960,4767,강빈정,9910252750948,여자,상주시 중구 가산동,010-5263-1057,0
696,siw7387,7417,윤규수,7411172160408,여자,인천시 동구 정자동,010-6073-6123,183650
697,sja0764,8448,강하현,8707222312261,여자,나주시 성북구 분당동,010-4409-4780,120430
698,sje1871,7192,한기정,9406041669992,남자,속초시 강동구 금광동,010-2990-3816,138922
699,sku8780,5670,임혜준,7812052200387,여자,오산시 북구 분당동,010-5258-4452,125231
700,slu0761,6067,심혜현,8712242801556,여자,전주시 북구 은행동,010-0060-6204,0
701,slw0570,2769,최혁장,8306141343920,남자,대전시 강동구 가동,010-4876-5933,0
702,smk0566,3709,주기하,9007132835899,여자,경주시 서초구 연선동,010-5963-1887,48505
703,smt6997,4885,이경연,9207021955511,남자,화성시 서초구 기연동,010-3651-5413,0
704,snc2685,6592,송한연,9308241846558,남자,부산시 강동구 나동,010-6781-5597,28383
705,soe8898,4541,심현현,9303162399350,여자,속초시 동구 북동,010-5865-1417,0
706,sof0544,1546,윤현선,8208132830491,여자,나주시 성북구 가리봉동,010-2724-2265,0
707,sox1117,9422,임경희,7504121634184,남자,안동시 장안동 가산동,010-7541-5858,46878
708,sqd6884,5630,장준경,9404272552801,여자,서울시 강동구 장안동,010-4260-1965,0
709,sqo3516,9032,최빈신,7411022827384,여자,수원시 서구 문래동,010-1743-3079,82939
710,sqs3211,7450,박희정,7209092279865,여자,남원시 중구 장신동,010-4331-6901,105877
711,ssw6784,0091,김하기,9405141919922,남자,나주시 서초구 금광동,010-9560-5715,196943
712,stb2699,2059,장현희,7905012755465,여자,광주시 서초구 기연동,010-0963-8140,0
713,svo0717,6058,장기연,7506031749314,남자,천안시 강동구 상대원동,010-4380-9738,0
714,svt6654,2609,이규현,7811121723156,남자,전주시 북구 금광동,010-6443-3415,0
715,syd4663,9914,장장혁,8211082700898,여자,광주시 북구 장안동,010-0273-1493,0
716,syq7173,6228,주빈경,8109281957847,남자,전주시 장안동 정자동,010-9051-8843,135603
717,syz6176,3150,김정희,7608011418797,남자,상주시 중구 가리봉동,010-4385-6208,168587
718,szj4529,6342,심하선,8411121986497,남자,화성시 동구 북동,010-6126-8279,0
719,tbk1865,8256,심한연,8511131170719,남자,수원시 서구 장신동,010-9854-6740,0
720,tbn5911,6322,장신수,8303282133403,여자,오산시 장안동 다동,010-0380-2822,160596
721,tbq4515,3004,임규한,6904092136445,여자,나주시 동구 상대원동,010-3120-9232,120371
722,tbx7770,6862,임희한,8002141175840,남자,오산시 서구 북동,010-3408-1701,115300
723,tby4346,6995,주하신,8404102576350,여자,나주시 중구 연선동,010-4680-2730,0
724,tcm5073,1602,이기혁,7805092178066,여자,대전시 중구 금광동,010-2150-9647,0
725,tcz2051,0519,한준장,9103052296927,여자,대전시 강서구 문래동,010-2069-3298,0
726,tdh2723,8822,박희규,9704031473858,남자,상주시 성동구 정자동,010-3885-2061,0
727,teh4993,3366,박기준,8811092294476,여자,안동시 북구 가야동,010-8901-9445,0
728,tem9699,1473,최연준,7506092503980,여자,안동시 강서구 장안동,010-3965-6400,0
729,tfs8628,9103,정정희,8801031937759,남자,광주시 강서구 금광동,010-9661-6998,80290
730,tfu8259,7921,한장준,8510181350044,남자,대전시 강서구 기연동,010-4277-1908,99242
731,tgh3543,1505,윤경정,7805051640264,남자,나주시 북구 장신동,010-9035-2000,0
732,tgk0954,8508,윤혜준,9103281715802,남자,광주시 성북구 준동,010-5660-5731,0
733,tik4137,9272,임빈희,9203042157327,여자,서울시 서구 북동,010-4791-6929,0
734,tin7325,8891,박현장,7201021857569,남자,인천시 강서구 상대원동,010-7384-7486,182063
735,tjf5789,5871,임연규,8006222559517,여자,서울시 강동구 가동,010-8829-7932,0
736,tjj8025,7720,이신혁,7502111629037,남자,광주시 성북구 가야동,010-1563-1644,94467
737,tkp7085,9376,박현정,6902121980528,남자,서울시 서구 분당동,010-7600-5082,0
738,tkw5690,0060,심정희,7406241287704,남자,경주시 장안동 나동,010-2657-5022,0
739,tlf8337,2340,장빈수,6904022645891,여자,대전시 성동구 정자동,010-5339-4060,0
740,tlu9946,1042,강수연,9701171654727,남자,안산시 성북구 정자동,010-3212-9741,123279
741,tlz3070,4638,장하장,8901271190617,남자,인천시 서구 은행동,010-0110-3912,0
742,tmq7125,8766,임혁선,9509121830742,남자,화성시 동구 장신동,010-1510-9087,22744
743,tnh5693,1740,윤선혁,9407182374133,여자,서울시 동구 중동,010-3620-3955,0
744,tpg3991,4848,임준준,7701012398291,여자,광주시 장안동 장안동,010-0457-3093,0
745,tpq5433,4427,임준선,7511062247163,여자,남원시 중구 상대원동,010-2284-1128,0
746,tps0829,5201,심빈빈,8009121767708,남자,안동시 강서구 상대원동,010-7134-2627,136423
747,tqc2804,5588,장준경,8508151120358,남자,전주시 북구 상대원동,010-4864-9833,0
748,tqe3683,1021,장혜연,7406081536486,남자,화성시 강서구 장신동,010-4885-7443,68107
749,tqe6735,8633,임현희,9608191619913,남자,속초시 북구 가동,010-1655-0673,187307
750,tqo3776,9229,장연장,7806061825119,남자,전주시 동구 다동,010-6104-8830,178585
751,trl5005,9686,정빈경,9207282845813,여자,성남시 강서구 중동,010-0802-7926,16381
752,tsl2308,5817,최현기,9302202437173,여자,경주시 강동구 가산동,010-7210-9329,0
753,tsm4850,0559,심연현,8604221117532,남자,나주시 성동구 가동,010-0927-9085,0
754,tth2922,7386,주경희,8306201232344,남자,대구시 강동구 가야동,010-5357-7872,0
755,tts4091,2749,정하연,7304092107224,여자,대전시 북구 가리봉동,010-4919-6342,0
756,tuf3501,6933,임신혜,8905172944896,여자,남원시 강동구 금광동,010-4087-3651,0
757,tuf4120,5279,최수현,7612012436853,여자,광주시 성동구 기연동,010-2518-0946,0
758,tuu4729,9233,송장희,8011111754715,남자,부산시 북구 문래동,010-5093-0974,0
759,tuu6761,0675,장혜희,8103182895855,여자,나주시 북구 가야동,010-5474-3200,160847
760,txf4070,0129,임장연,8509262748760,여자,오산시 장안동 가산동,010-2446-5019,0
761,txj5099,8571,박한선,9303052632829,여자,안산시 서초구 정자동,010-4598-5381,0
762,txk6270,1758,강수기,8001172800235,여자,울산시 강서구 은행동,010-1930-4805,0
763,txr5195,5375,최한빈,7806221431172,남자,화성시 성동구 금광동,010-1128-9779,165378
764,tyo5032,6154,한장연,7706051734566,남자,천안시 서초구 장안동,010-9348-1904,43017
765,tyt5812,7564,정한정,8707052141302,여자,광주시 서초구 다동,010-2939-0624,0
766,tyz1840,3426,심현경,9510271840830,남자,화성시 강서구 장안동,010-4863-2461,172882
767,tzp7990,4601,심현준,8709032823870,여자,광주시 서구 정자동,010-2573-7487,0
768,uai2759,6582,이준수,9205161102002,남자,서울시 중구 상대원동,010-9663-4695,164111
769,uan2099,9762,윤현장,7409221461344,남자,나주시 서구 연선동,010-6997-1893,0
770,ubf2845,7793,주희연,7710072569761,여자,성남시 북구 가야동,010-7040-6348,49807
771,uec7173,2443,이수한,7306191556319,남자,상주시 서구 나동,010-5402-8480,69799
772,uev2588,1179,임선선,9312152871417,여자,전주시 북구 장신동,010-6124-1134,2065
773,ufm1946,8407,정경현,7503191481904,남자,광주시 중구 상대원동,010-9868-2587,0
774,ugl4018,3326,임연경,8403051114081,남자,오산시 성북구 분당동,010-8578-3504,100730
775,uhi0645,8736,주한수,7509192106440,여자,전주시 중구 가동,010-7080-3662,95654
776,uhm8466,9240,한신신,7211072955347,여자,광주시 성동구 중동,010-2648-5275,18560
777,uhu7638,7756,임빈규,7712232868551,여자,상주시 중구 북동,010-5906-0960,119680
778,uif7971,2988,박장신,9101191703565,남자,경주시 강서구 가리봉동,010-2859-6043,0
779,uih0683,6878,장수수,8512241336149,남자,인천시 북구 북동,010-6560-8576,98625
780,uix0301,4725,윤기경,8607241195858,남자,속초시 중구 분당동,010-8124-1884,0
781,ujd6265,4958,한연연,9006091577596,남자,안동시 강서구 중동,010-7242-7213,180469
782,ujh2409,4914,임한희,7306182868018,여자,대구시 북구 장안동,010-4730-3007,0
783,ujz6681,4040,박한수,8811042519461,여자,광주시 장안동 연선동,010-8252-5620,54066
784,uku0178,0128,임준수,8308251469083,남자,부산시 서구 연선동,010-3600-2345,0
785,ulv2932,4931,윤하하,7807122194559,여자,천안시 북구 금광동,010-0137-6112,0
786,ump7583,7489,박준경,9908171729338,남자,부산시 장안동 장안동,010-4142-2983,177877
787,unb1732,5627,김기한,7602041790160,남자,상주시 서초구 문래동,010-4917-9388,0
788,unt5535,3336,송기경,9812142545075,여자,속초시 서구 북동,010-5950-1313,50350
789,upm9770,3109,한정경,8801101905862,남자,전주시 성동구 장안동,010-4314-5260,107704
790,uqd9763,6637,한경연,8801021804743,남자,대구시 서초구 정자동,010-4860-4010,80531
791,uqn0979,3820,주혜신,6908231251337,남자,안동시 강동구 가야동,010-5734-8389,0
792,uqz6608,5118,임희경,8405102760535,여자,서울시 성동구 정자동,010-2526-7205,0
793,urx6823,4167,김경규,8007172889385,여자,광주시 북구 북동,010-2333-7478,0
794,usr4138,4048,한희한,9212141320250,남자,대구시 성북구 가산동,010-8680-9162,0
795,usy4419,5164,김하신,8907271743575,남자,경주시 강동구 장안동,010-9247-7662,165759
796,usy4489,1034,장기장,9510231995763,남자,대전시 강서구 장신동,010-3303-1958,117005
797,utk7523,9835,정준신,7406042984927,여자,오산시 중구 나동,010-1539-5432,0
798,utw8690,6827,최선혁,8804142183919,여자,나주시 동구 연선동,010-0157-5645,0
799,uun3885,2235,정현선,8806182657588,여자,대구시 성북구 가야동,010-7760-5354,92071
800,uvf8506,8365,한하혁,7406262324504,여자,광주시 동구 상대원동,010-4365-4719,89470
801,uvo8403,1791,최혜희,7606031584761,남자,성남시 강동구 문래동,010-6842-9200,0
802,uwh3583,9737,장연빈,7609071360897,남자,인천시 성북구 나동,010-3069-5027,0
803,uwt2178,8130,송기정,8210182996240,여자,수원시 북구 나동,010-6192-6138,0
804,uyr4956,9589,김기장,7410131869139,남자,천안시 성북구 상대원동,010-1075-3453,100837
805,uyr6725,3720,심규빈,7805251998921,남자,대구시 동구 문래동,010-6182-1014,0
806,uzv2350,3387,이수준,8202132818393,여자,천안시 동구 가야동,010-0113-7547,0
807,vav8713,2573,윤연경,9712161463603,남자,강릉시 서초구 가리봉동,010-3654-2576,117552
808,vaz7991,9010,강연장,7905111456058,남자,속초시 서초구 정자동,010-1949-1505,0
809,vba4696,2029,장경경,9204261426138,남자,화성시 북구 기연동,010-2041-6926,63102
810,vbh7354,4355,박연장,7106242682430,여자,안동시 북구 상대원동,010-1234-9471,0
811,vbl8465,7376,장수연,8701132230793,여자,화성시 서구 분당동,010-6132-1356,0
812,vbr3409,7429,장혜혜,7401112658368,여자,수원시 북구 기연동,010-6239-5393,0
813,vcc3708,5500,임신희,8601242296350,여자,안산시 서구 가산동,010-7838-4306,153168
814,vci1479,5427,최장경,8402281983075,남자,대전시 동구 북동,010-6685-5020,38041
815,vda1918,2758,윤장장,7503271264171,남자,천안시 서초구 상대원동,010-8100-3870,0
816,vde4761,8531,주준하,7508051613152,남자,남원시 성동구 상대원동,010-6968-6073,0
817,vdi0318,4276,강빈선,7004171235463,남자,천안시 장안동 장신동,010-4711-7373,118245
818,vdm7257,5918,송신현,7909231394965,남자,속초시 중구 은행동,010-8373-7819,0
819,ven3293,5775,송경신,8912202725337,여자,울산시 성북구 문래동,010-6260-3263,47915
820,vfa3768,9232,김규희,9204031660297,남자,남원시 성동구 다동,010-6874-6419,0
821,vfe7336,1327,김희수,9504131467064,남자,나주시 성북구 가산동,010-4919-9895,103432
822,vfi1521,0629,윤한희,8211152722185,여자,전주시 성북구 분당동,010-4893-8895,0
823,vho3631,8342,김연희,9204021439829,남자,부산시 강서구 상대원동,010-9075-1628,8602
824,vhu4039,5235,강정혁,7509071296477,남자,남원시 장안동 북동,010-2955-5661,10846
825,vid9620,2080,주수혁,9104202872474,여자,인천시 서초구 정자동,010-0716-0127,169912
826,vig3141,1155,정혜규,8307031950240,남자,전주시 장안동 준동,010-5427-0899,0
827,vij0475,5659,임희준,7604051545702,남자,강릉시 동구 준동,010-5375-5140,127285
828,vip1443,9864,최수경,7604241794817,남자,인천시 장안동 은행동,010-5791-3082,134029
829,viu8532,5612,주한현,9611211781796,남자,속초시 서구 연선동,010-8903-1992,0
830,vkc8870,5041,심빈빈,8611182657389,여자,부산시 성북구 은행동,010-1290-5412,56796
831,vlq3002,3723,최하하,8005151261730,남자,전주시 동구 가산동,010-5537-5634,115874
832,vma0134,5132,장경한,7405102109733,여자,속초시 동구 준동,010-4157-7375,148441
833,vmi3610,9107,한혁선,8909182684255,여자,상주시 중구 나동,010-6254-3868,4975
834,vml2449,5413,김한선,8801072296752,여자,강릉시 서초구 다동,010-9724-2924,0
835,vmw5668,5812,장기혁,8509031540144,남자,울산시 강서구 분당동,010-4118-3780,0
836,vmz5841,4396,윤정경,7412241217789,남자,광주시 성북구 기연동,010-1217-5036,34143
837,vog1643,9132,장현희,9101261183034,남자,상주시 장안동 기연동,010-2408-5558,86637
838,vog8560,3015,한경준,9701092718518,여자,울산시 북구 북동,010-8660-8079,0
839,vpe5054,6315,한준수,8105241386480,남자,대구시 북구 중동,010-2281-6451,52377
840,vps8135,9802,정신희,9204121441462,남자,화성시 서구 기연동,010-5114-1293,155502
841,vqe9631,5937,심규한,7809032135071,여자,서울시 중구 다동,010-2991-1340,76667
842,vqo0503,5301,장희준,7906192994387,여자,부산시 강동구 기연동,010-0609-0919,28701
843,vrr0315,6828,장장현,9903031463431,남자,울산시 강동구 준동,010-2190-5052,56535
844,vsi6352,6076,이기연,9407051858377,남자,광주시 강서구 북동,010-3329-3754,0
845,vtf8225,4415,장빈혜,7202112401644,여자,부산시 서구 장안동,010-7348-1830,0
846,vti8143,6481,심연하,8601201239856,남자,전주시 북구 북동,010-0551-8205,0
847,vvp7462,4211,한신연,7301162976341,여자,대전시 서초구 다동,010-5917-5353,0
848,vvv4853,7789,강빈장,8810212866484,여자,상주시 서초구 가리봉동,010-5488-7665,0
849,vwb8613,8612,정장한,9604151815819,남자,상주시 서구 가산동,010-5659-4644,10429
850,vww6403,0455,김규혁,8107041840714,남자,수원시 장안동 다동,010-9465-1129,0
851,vwz3093,2779,윤준희,9712072614672,여자,인천시 강동구 상대원동,010-8262-6456,103291
852,vyp0397,4901,주하혁,7908111921537,남자,울산시 성동구 기연동,010-3420-9635,0
853,vys0622,7651,임준수,9503271714613,남자,울산시 동구 다동,010-3108-7796,147854
854,vyt1455,1481,주연한,8206251459674,남자,인천시 북구 문래동,010-8298-6799,0
855,vzf7328,3913,김경경,7107191693322,남자,서울시 성동구 연선동,010-5080-7778,21017
856,vzi6783,9679,김선선,9203112222292,여자,경주시 장안동 은행동,010-9890-3558,107541
857,vzj6501,1337,강준신,7112022230213,여자,강릉시 북구 중동,010-0554-5328,0
858,wbi6085,8906,장혁하,8512092502712,여자,화성시 북구 장신동,010-9751-0566,0
859,wdw1374,4814,강연규,8106131202169,남자,성남시 강동구 장안동,010-7684-9009,168070
860,wdz3051,2728,심수준,9203182217183,여자,울산시 동구 장안동,010-3615-9110,0
861,wec6042,7999,이정준,9312252827394,여자,인천시 중구 준동,010-2152-6028,136499
862,wex4514,9709,장기경,9812241970670,남자,오산시 서초구 가리봉동,010-2497-1578,0
863,wfa6989,8788,장연현,9509161387641,남자,부산시 북구 나동,010-7267-4938,0
864,wff6571,7148,이혜혜,8202022541420,여자,대전시 중구 정자동,010-9678-1548,0
865,wfj7063,2736,윤준준,9308171433755,남자,경주시 강동구 가리봉동,010-1174-7387,0
866,wfn8109,7084,김선수,7412201887509,남자,오산시 북구 가야동,010-4210-7237,0
867,wge1476,5401,한혜선,7209112160927,여자,강릉시 성북구 연선동,010-8043-8600,0
868,wgw2504,1862,주희빈,9904121892555,남자,천안시 서구 중동,010-7280-4011,14588
869,wje9110,1839,송연경,8903022755713,여자,성남시 북구 가동,010-2152-0722,177140
870,wjk0538,8501,장하신,7204122285869,여자,대구시 장안동 금광동,010-4442-3984,4858
871,wkj8989,5896,윤정선,9205081599835,남자,속초시 성북구 가동,010-3543-4051,0
872,wkp4459,9137,송수선,8212011231916,남자,인천시 성동구 은행동,010-2286-6551,179813
873,wln6222,9844,최한혁,8009281539595,남자,성남시 성북구 정자동,010-7718-9706,0
874,wlp3511,8765,윤빈희,7312241499645,남자,나주시 성북구 중동,010-4453-9179,0
875,wmr8979,2229,강혜빈,7801022452752,여자,안동시 장안동 장신동,010-6423-3271,0
876,wnd2340,5429,주희준,7707211650196,남자,강릉시 중구 금광동,010-1442-8831,0
877,wnv6518,5311,강수준,7206122922801,여자,전주시 서구 중동,010-6726-6440,84581
878,wog1113,8140,윤연준,9210131854088,남자,부산시 서구 나동,010-9755-7516,0
879,wpd7323,5364,주연신,8905041463919,남자,인천시 서초구 정자동,010-8167-3631,68339
880,wpg2007,3412,이경준,6903152871173,여자,속초시 북구 분당동,010-0098-4685,0
881,wpj8129,5739,한수혜,8201032717775,여자,강릉시 서구 은행동,010-6369-2761,94188
882,wpn2751,3511,정빈연,9703282330700,여자,울산시 중구 가산동,010-3258-6363,0
883,wqe1173,2508,정빈하,7801191403831,남자,성남시 강동구 가산동,010-5604-6361,111473
884,wqg8643,9947,이신준,7505021917222,남자,안산시 북구 다동,010-5888-8622,0
885,wqx6875,4584,강정빈,7306071960847,남자,화성시 장안동 상대원동,010-8295-2775,0
886,wrh6082,4714,장신수,7412172114546,여자,서울시 강서구 북동,010-6862-6521,144358
887,wro7873,5733,장준하,6909232319809,여자,울산시 중구 기연동,010-4164-9259,186414
888,wro9624,6845,장선혁,8902172405700,여자,화성시 성동구 나동,010-1858-1316,0
889,wsg4189,8050,김연혜,9302141423814,남자,대구시 북구 정자동,010-8904-5081,0
890,wto1899,3479,윤선한,9302052196332,여자,대구시 중구 문래동,010-7025-4213,191305
891,wtp5838,8718,이한경,7807182267954,여자,부산시 서초구 연선동,010-0771-9444,57355
892,wub3602,5846,송수현,9210161767758,남자,화성시 중구 은행동,010-2798-2680,0
893,wuf5401,8660,김희현,9006261978675,남자,천안시 서초구 상대원동,010-2507-1929,152564
894,wuq1703,8566,이정경,8602201880828,남자,오산시 서초구 북동,010-0210-6291,0
895,wuq2381,5106,김희하,7709212744317,여자,강릉시 동구 준동,010-2603-7157,0
896,wuz3296,6447,장신혁,9506151518222,남자,성남시 성북구 상대원동,010-4581-9386,0
897,wuz4738,0188,한한경,6912161313229,남자,천안시 중구 연선동,010-9468-1537,193300
898,wvm8015,0110,최한규,9208092189633,여자,부산시 동구 가리봉동,010-7191-4115,0
899,wvs5656,0877,이경현,7108052796250,여자,남원시 서구 정자동,010-8292-7339,103682
900,wwa0642,3646,심장한,8709071452234,남자,대전시 북구 은행동,010-5051-3372,23816
901,wwa7204,7524,장한혁,8806232156731,여자,속초시 강동구 가리봉동,010-7237-2908,0
902,wwx3735,5334,송혜경,8606201292161,남자,안동시 북구 나동,010-1032-3839,114093
903,wyg1334,2355,정수선,9304241900833,남자,대전시 중구 문래동,010-4309-1408,0
904,wzd0503,8391,장준빈,8910201383275,남자,대구시 동구 준동,010-0554-8224,0
905,wzd3063,7181,윤한선,8510231362479,남자,나주시 성북구 상대원동,010-3189-1726,56975
906,xbs6731,5808,이혜규,9107142687941,여자,남원시 성동구 다동,010-0896-9891,0
907,xcq4427,2983,박수선,7408211510455,남자,상주시 강서구 정자동,010-0482-1857,0
908,xcu4784,2033,윤혁연,9212261242069,남자,수원시 장안동 문래동,010-1802-7494,194131
909,xed9744,9209,장준준,8002102180139,여자,강릉시 서구 장신동,010-7593-6559,102530
910,xfp6828,1147,정혁하,9012212610442,여자,대전시 성북구 북동,010-9851-5284,59758
911,xfs2515,7864,박혜희,7511071216536,남자,안동시 중구 준동,010-7962-7405,0
912,xgb3068,1397,장준신,8603242357797,여자,상주시 중구 준동,010-7114-2861,0
913,xgi1841,8347,최규기,7806081990153,남자,천안시 성북구 은행동,010-4458-6645,62229
914,xic9253,8541,송혁선,8008101236956,남자,인천시 중구 분당동,010-2177-4611,0
915,xig7735,9048,송하경,7102021484685,남자,서울시 서초구 중동,010-6183-4502,182281
916,xiw2035,8147,송희한,8610021905287,남자,화성시 강서구 상대원동,010-0586-3059,0
917,xja4959,6798,강연정,9404201828058,남자,서울시 중구 가리봉동,010-9196-2714,0
918,xje3944,9717,강장장,9706132947705,여자,안산시 성북구 장신동,010-1257-7024,0
919,xjl9157,3692,강현빈,7912151980866,남자,나주시 동구 연선동,010-0960-3521,0
920,xlq4688,6648,김준희,7512012411041,여자,오산시 서초구 가동,010-6027-2622,74980
921,xls5822,7495,장경신,8801081903244,남자,속초시 장안동 분당동,010-1803-2742,0
922,xmd6518,7684,이혁신,9110241320333,남자,부산시 북구 분당동,010-3306-7019,36199
923,xmn0247,5167,이희장,8712101460822,남자,전주시 동구 연선동,010-2732-2891,0
924,xnu6298,5955,송희혁,7908061338891,남자,안산시 서구 연선동,010-7502-3392,67014
925,xpk8348,7626,임준혁,9012231369868,남자,인천시 강서구 다동,010-0645-8485,36314
926,xpq8192,7919,송수희,8801052745786,여자,경주시 서구 은행동,010-9463-4757,0
927,xqs8109,8517,주준수,8809191399174,남자,나주시 동구 나동,010-6839-4380,0
928,xre0829,5273,정연희,7406112655336,여자,전주시 서초구 장신동,010-1986-1537,0
929,xrq6090,6227,강연장,9504162614927,여자,부산시 성동구 가야동,010-1643-4511,0
930,xsr9726,9594,장한희,7508171874312,남자,화성시 북구 나동,010-0597-7181,0
931,xtn9747,5417,심수한,8611281920182,남자,강릉시 중구 가산동,010-2061-7346,0
932,xuw0762,8318,장준준,7103281161354,남자,대구시 동구 준동,010-0274-1153,17671
933,xvr3589,7102,심수기,8211022821440,여자,오산시 서구 연선동,010-9758-6241,0
934,xwy2398,6733,장신기,7711051293386,남자,나주시 중구 은행동,010-8567-6665,196196
935,yai5454,1722,한한빈,7206261864876,남자,대구시 서초구 정자동,010-6158-2454,61421
936,yam0484,8958,김선혜,8609081765046,남자,화성시 강서구 준동,010-4718-2729,168790
937,ybq5299,1720,임경기,7805202805012,여자,남원시 강서구 다동,010-1254-7413,0
938,yby7141,2341,강혁수,8301182102531,여자,상주시 장안동 가산동,010-0416-7165,26608
939,yci7700,6522,주신희,7205051153570,남자,안산시 강동구 준동,010-3010-7584,67159
940,ycm4763,2323,김연현,7706271214778,남자,대전시 장안동 가산동,010-2898-2541,95393
941,yds6231,1425,임희장,9509142480807,여자,인천시 동구 금광동,010-9826-8894,99517
942,ydy2488,3747,주연빈,6906282633556,여자,경주시 북구 상대원동,010-0349-2446,0
943,yel3694,5016,송희한,8412171489890,남자,안동시 강서구 상대원동,010-2448-3963,0
944,yfd7512,9503,윤희준,7508181151039,남자,부산시 서초구 가동,010-7153-8826,0
945,yfn2179,7974,이신정,7212021616345,남자,서울시 북구 금광동,010-9308-9618,56119
946,ygq5893,5691,박빈준,8406272506587,여자,인천시 북구 분당동,010-7042-0045,0
947,yjt9899,9373,한신기,9901232858077,여자,남원시 성동구 장안동,010-6444-9365,0
948,ykf1768,6459,강준준,7506111366545,남자,안산시 동구 장신동,010-2204-1835,0
949,ykg4026,3598,임혜신,7211212669249,여자,안동시 장안동 장신동,010-2994-3554,0
950,ykh9651,6158,장준빈,7409192488418,여자,화성시 서초구 다동,010-0542-2628,153200
951,yky8522,4012,장희준,9905192320716,여자,속초시 성동구 중동,010-0948-5023,0
952,ylc4266,8039,정현준,8804261384576,남자,전주시 중구 중동,010-9667-2255,133346
953,ymb8578,6894,송신한,7509272958803,여자,서울시 강동구 가리봉동,010-5482-1825,8074
954,ynb3852,3086,장하연,9807081941429,남자,부산시 북구 준동,010-0996-4078,0
955,yob0613,2764,송수신,8105121463944,남자,부산시 강서구 분당동,010-8535-0605,0
956,yoo4232,8513,강하준,8804151397879,남자,화성시 동구 상대원동,010-3978-0109,30825
957,yox4364,3074,최기준,9010071438044,남자,오산시 중구 문래동,010-6465-3585,102449
958,ypc0065,7784,김정장,8506071131440,남자,수원시 성북구 다동,010-5465-5867,0
959,ypk5266,2190,윤규혜,9201221811937,남자,천안시 북구 다동,010-0583-2108,0
960,ypz4945,8684,한희경,7009232313952,여자,광주시 장안동 장신동,010-3365-8193,32698
961,yqo2265,2463,장장수,7607141714885,남자,광주시 서초구 나동,010-6053-8816,0
962,yrl1086,2922,윤빈정,8610222414818,여자,인천시 강동구 기연동,010-7326-0294,0
963,ysc1661,4070,심혁희,8208281419265,남자,나주시 성북구 장신동,010-7888-0109,0
964,yth7190,4953,한준현,9408272400219,여자,안산시 성동구 연선동,010-9331-3276,99857
965,yux8847,9627,장하경,7904072304016,여자,화성시 서초구 기연동,010-6301-2647,0
966,ywt9873,2047,강빈선,9107282918887,여자,경주시 북구 북동,010-1385-3287,52080
967,yww8344,4484,임선빈,9206181640353,남자,부산시 서구 중동,010-0075-8173,0
968,yyj0631,6852,박신준,7304051631358,남자,대전시 중구 장신동,010-4486-0197,121238
969,yzi0001,5194,김혁정,8308051125610,남자,나주시 북구 상대원동,010-2890-0603,0
970,yzt1919,7494,김기한,8302132243646,여자,남원시 성북구 기연동,010-3368-0045,0
971,zaj6475,5308,심준정,8302232955102,여자,인천시 장안동 상대원동,010-2967-2081,88448
972,zbs6766,7375,심장희,9607281205614,남자,전주시 장안동 가야동,010-1541-8778,141945
973,zcp3248,0040,장준하,6903242608401,여자,대구시 장안동 다동,010-7948-2603,0
974,zfe4404,7081,최연혁,7804072141273,여자,인천시 북구 북동,010-0102-2921,0
975,zfw6800,9889,이빈규,8104071927421,남자,울산시 성북구 분당동,010-8547-4246,176466
976,zgm3149,0246,박수수,8611221978192,남자,강릉시 성북구 분당동,010-0944-1303,98655
977,zia3735,7057,임혜연,7402071676934,남자,서울시 강동구 중동,010-1105-0066,98050
978,zjd5467,9491,임정혁,9809211794868,남자,대전시 중구 기연동,010-8497-4343,15843
979,zkg4755,8799,강혜혁,9309161353713,남자,전주시 북구 문래동,010-6065-8084,0
980,zkh2446,3855,주선준,8807091196784,남자,강릉시 강동구 가야동,010-5634-4140,0
981,zlo2037,4803,한희빈,9911201820901,남자,울산시 중구 장안동,010-8827-1663,17197
982,zls2672,4776,임경기,7707171719746,남자,인천시 강동구 기연동,010-5979-3812,0
983,zlz8001,9564,강수정,8412262356327,여자,대전시 동구 분당동,010-7447-4490,0
984,zmv6662,4457,이선정,7102192574621,여자,상주시 강서구 정자동,010-3402-0732,0
985,zmz6688,4229,주신한,7110142767032,여자,수원시 북구 연선동,010-7266-2371,0
986,znm7275,1905,박한수,7102092292980,여자,천안시 강동구 연선동,010-5473-6613,106583
987,zod7145,1797,심수정,7602191500860,남자,전주시 중구 나동,010-7340-5293,0
988,zpz0160,1729,김준준,7810021356005,남자,전주시 북구 북동,010-7394-2581,0
989,zqu7325,9569,장희경,8209182804778,여자,나주시 성북구 연선동,010-7890-6348,13663
990,zrc9330,0602,한선신,8908012463902,여자,인천시 강서구 금광동,010-6159-7686,0
991,zrr2674,9899,이수규,8211252364935,여자,남원시 성동구 준동,010-9426-1094,0
992,zru6546,4098,강현빈,7911272305448,여자,수원시 중구 장신동,010-1981-8211,0
993,ztv7993,6991,주준혜,8211281380774,남자,안동시 북구 은행동,010-6596-6426,0
994,zue8553,6688,송규하,7510152444310,여자,수원시 서초구 다동,010-3211-7472,177048
995,zuq1637,1296,장혁희,9408261495746,남자,전주시 서구 가야동,010-1621-5366,0
996,zuu8668,2493,임연기,7306151156205,남자,대구시 북구 가야동,010-6291-8040,0
997,zvi1524,9172,임하희,8006022868314,여자,상주시 북구 분당동,010-0483-3358,0
998,zws5459,3235,한연혁,7112162968643,여자,대전시 장안동 분당동,010-7924-0089,0
999,zyl0750,9167,정규연,9705212661361,여자,화성시 중구 문래동,010-0829-2022,198065
1000,zzo6679,8194,장기현,9004152796396,여자,천안시 강서구 장안동,010-2878-4964,15083
1001,sist123,1234,쌍용뱅크,9505061234567,남자,화성시 봉담읍 와우리,010-1111-2222,0
1002,donato,1234,강규준,1234561234567,남자,서울시 강남구 역삼동,010-1234-1234,0
