1,M-Dream Big 자유적금 (모바일),4,12
2,smart-i 정기적금,4,18
3,smart-i 정기적금,4.01,12
4,페퍼룰루 2030적금,5,24
5,WELCOME 첫거래우대 e정기적금,4.2,12
6,WELCOME 첫거래우대 m정기적금,4.2,36
7,DreamBig정기적금(10만원),6.9,12
8,Hi!예가람e정기적금,2.8,24
9,SB톡톡-정기적금,2.8,12
10,WELCOME 잔돈모아올림적금,2.8,12
11,WELCOME 잔돈모아올림적금,2.8,36
12,e-정기예금,2.8,12
13,m-정기적금,2.8,24
14,직장인 Plus정기적금,2.8,12
15,2030 Start정기적금,2.7,24
16,DreamBig정기적금(20만원),4.6,12
17,DreamBig정기적금(30만원),3.9,12
18,DreamBig정기적금(40만원),3.6,12
19,SB톡톡정기적금 (비대면),2.7,18
20,"e-plus 정기적금 (스마트뱅킹)",2.7,12