1,110-741-5294
2,110-956-1953
3,110-372-5891
4,110-991-5559
9,110-929-6644
9,110-956-4413
10,110-303-9859
10,110-451-3863
12,110-685-6118
13,110-488-3104
19,110-284-9627
27,110-957-6353
28,110-789-4399
32,110-435-1052
34,110-251-9293
43,110-821-5129
45,110-413-6323
46,110-441-4696
47,110-689-5571
49,110-760-7769
50,110-512-8648
53,110-414-3928
56,110-178-4493
58,110-295-9332
59,110-413-3722
60,110-404-5671
61,110-469-8727
62,110-108-1081
63,110-992-4286
63,110-162-7711
66,110-981-6772
66,110-441-4536
67,110-676-9328
68,110-270-9927
71,110-275-2791
72,110-569-3690
74,110-545-1513
84,110-515-8024
84,110-141-3630
87,110-885-7695
87,110-876-1965
87,110-417-2898
90,110-134-2552
92,110-669-6196
94,110-673-5229
102,110-219-5362
102,110-874-3170
102,110-578-2017
104,110-297-3072
105,110-568-3242
107,110-264-8476
109,110-986-7035
110,110-108-3311
112,110-293-3917
112,110-392-6772
113,110-332-5376
116,110-642-9197
116,110-608-1907
119,110-791-6280
122,110-105-3573
123,110-882-5405
124,110-686-6413
125,110-318-7197
128,110-782-8938
129,110-234-5976
129,110-835-8529
132,110-292-2110
132,110-311-8778
138,110-388-8196
139,110-348-5523
144,110-877-9104
145,110-119-2962
146,110-922-2395
150,110-678-1508
152,110-832-5238
155,110-635-2332
158,110-789-3076
159,110-765-1990
160,110-113-9340
161,110-125-1942
164,110-940-9636
165,110-177-1938
168,110-249-7738
171,110-535-6056
175,110-467-3840
175,110-290-9278
175,110-964-1250
178,110-368-8200
180,110-637-6750
182,110-659-1832
183,110-784-5235
183,110-538-9272
188,110-529-7405
188,110-477-1220
188,110-273-5596
190,110-319-5265
193,110-703-7645
193,110-776-4154
193,110-103-8287
197,110-856-8473
203,110-783-2046
203,110-905-8285
204,110-968-7915
204,110-271-2559
205,110-368-2757
205,110-408-8686
205,110-373-8517
206,110-991-9492
208,110-528-8404
209,110-903-4904
214,110-409-8028
216,110-687-4289
220,110-565-1340
220,110-775-7124
225,110-289-3575
227,110-397-8199
234,110-822-6866
237,110-989-5002
237,110-698-1350
240,110-977-5255
241,110-977-7742
242,110-421-1159
244,110-629-1941
251,110-987-7823
252,110-999-1405
257,110-701-1328
257,110-874-6657
259,110-453-8563
262,110-609-1644
265,110-132-5536
268,110-805-6238
269,110-508-9081
270,110-135-3718
272,110-272-1118
277,110-172-9035
280,110-949-3702
282,110-176-4178
283,110-174-2800
285,110-737-8185
286,110-398-8048
288,110-609-6971
288,110-619-7574
290,110-131-4309
293,110-932-6362
293,110-749-5296
295,110-232-8684
295,110-321-9774
296,110-886-8919
299,110-837-1435
299,110-770-5802
300,110-612-6778
311,110-202-5845
313,110-349-6547
316,110-757-8181
317,110-159-5266
322,110-575-3837
326,110-797-7279
328,110-976-6268
341,110-680-6928
341,110-382-4309
343,110-271-3560
343,110-920-7536
344,110-166-6911
346,110-891-4264
347,110-532-6023
351,110-248-2770
355,110-995-6835
357,110-974-1163
358,110-152-6708
362,110-888-6106
363,110-330-4538
364,110-611-5994
364,110-179-9244
370,110-407-3284
371,110-183-5318
372,110-725-5936
380,110-632-9034
381,110-422-6097
383,110-465-6089
384,110-423-3630
386,110-237-5554
387,110-685-7043
389,110-419-4650
395,110-262-4579
395,110-972-3599
400,110-535-9108
404,110-879-2746
405,110-779-5178
407,110-896-2766
407,110-112-7002
409,110-252-3634
412,110-766-8896
414,110-396-9003
416,110-934-6555
417,110-622-1264
418,110-243-3376
419,110-849-8703
424,110-787-1745
424,110-411-6970
425,110-591-3503
428,110-298-4202
428,110-770-8443
433,110-615-5986
438,110-587-3591
440,110-894-6449
440,110-864-2778
441,110-888-4664
444,110-609-3794
447,110-167-4266
448,110-170-3077
451,110-721-9199
451,110-210-2011
452,110-491-3693
455,110-176-8981
456,110-592-8727
459,110-856-1259
460,110-935-3230
462,110-814-5847
463,110-482-4524
465,110-905-3328
467,110-609-8264
468,110-448-8195
468,110-974-5233
471,110-308-8923
472,110-154-2080
474,110-487-8970
475,110-801-8052
475,110-155-7910
478,110-592-6845
482,110-382-1273
484,110-603-5389
485,110-494-5295
487,110-979-6090
487,110-111-4218
488,110-412-5467
492,110-923-2969
492,110-484-1501
492,110-438-3705
493,110-680-1525
493,110-504-9895
494,110-350-5717
495,110-338-5968
495,110-896-6891
496,110-677-4691
496,110-109-4494
497,110-571-7054
504,110-428-1830
504,110-453-9567
504,110-362-3251
507,110-260-2216
509,110-112-6960
509,110-442-2325
513,110-964-5477
514,110-686-6115
514,110-350-1905
515,110-491-9032
515,110-826-9492
516,110-681-8560
521,110-723-3029
523,110-427-7149
523,110-744-4482
524,110-957-5307
524,110-915-1386
526,110-445-5394
527,110-527-7509
528,110-269-6368
529,110-201-2921
530,110-882-5124
533,110-247-3025
533,110-459-8662
535,110-274-6603
536,110-657-8082
537,110-194-2523
537,110-138-8873
538,110-575-5240
539,110-301-7132
539,110-123-5257
541,110-134-6131
545,110-534-9106
546,110-100-3885
551,110-680-2412
552,110-480-7816
554,110-933-6591
561,110-193-6371
563,110-639-2191
564,110-578-6530
564,110-584-8333
565,110-206-6377
570,110-386-5773
571,110-872-8532
573,110-315-7368
576,110-221-5097
578,110-242-2431
580,110-804-6666
582,110-863-7153
587,110-702-1830
587,110-805-1450
590,110-112-8333
594,110-874-5365
599,110-883-2886
599,110-815-2420
602,110-144-3657
604,110-437-5209
607,110-142-6060
609,110-210-4358
609,110-297-3825
610,110-671-1395
611,110-187-5111
611,110-704-2212
613,110-145-1091
614,110-901-6324
615,110-975-4083
619,110-993-4168
620,110-828-5071
621,110-850-3907
621,110-239-3903
622,110-475-1172
623,110-186-5340
624,110-523-7921
630,110-591-9462
630,110-425-5037
632,110-281-1640
633,110-754-4048
637,110-268-6429
640,110-605-4616
641,110-492-1222
641,110-806-8915
646,110-135-1545
649,110-826-2716
650,110-634-3807
654,110-955-4597
654,110-192-9208
654,110-976-7664
657,110-292-4663
658,110-246-2477
658,110-922-5225
665,110-809-2968
666,110-435-8691
667,110-305-2937
670,110-909-2801
671,110-575-5902
671,110-119-4471
672,110-410-8113
672,110-101-2505
673,110-849-9427
680,110-724-9909
681,110-239-7961
682,110-780-8741
685,110-937-5466
687,110-142-8520
689,110-606-5639
691,110-313-4718
692,110-440-7024
694,110-803-9534
700,110-554-8662
700,110-952-8453
703,110-947-8965
704,110-553-8237
704,110-914-6975
705,110-108-2409
705,110-410-4031
708,110-890-9370
708,110-176-3231
710,110-616-4133
713,110-720-9824
714,110-933-7699
715,110-485-7143
717,110-421-7245
719,110-970-2935
721,110-127-6383
722,110-261-7740
725,110-268-5048
725,110-847-2545
727,110-794-3973
729,110-596-8876
733,110-921-2067
734,110-591-9747
736,110-843-6777
737,110-388-8513
742,110-969-2203
744,110-971-9291
745,110-962-9742
745,110-345-4861
745,110-696-9369
750,110-549-4992
750,110-133-5826
751,110-363-3865
752,110-865-3163
754,110-965-9071
757,110-506-6412
758,110-834-6055
760,110-736-6892
762,110-618-6716
764,110-226-9726
765,110-693-4719
765,110-430-8224
765,110-902-3282
768,110-658-5753
774,110-273-4921
775,110-401-3610
776,110-633-6460
776,110-237-4459
778,110-557-8471
779,110-830-2895
780,110-898-7777
782,110-834-5699
782,110-448-8386
783,110-428-1106
784,110-757-4019
788,110-133-4451
789,110-148-7624
792,110-386-4463
793,110-814-9064
794,110-210-7921
795,110-730-4316
800,110-643-6653
805,110-433-2232
805,110-335-5981
815,110-485-8081
816,110-536-1925
817,110-186-1955
818,110-511-7873
824,110-405-3891
824,110-413-5740
825,110-243-4392
827,110-869-4784
828,110-343-4719
829,110-620-4034
830,110-478-7606
831,110-926-8842
833,110-584-9797
834,110-396-9341
835,110-613-2211
839,110-933-7552
840,110-423-5793
843,110-571-1207
848,110-187-5859
851,110-717-9165
854,110-239-2403
858,110-481-9385
861,110-851-6006
864,110-796-4687
865,110-675-1077
865,110-371-6075
868,110-906-4402
871,110-246-2680
872,110-415-4238
873,110-990-9895
873,110-372-5630
873,110-780-3673
875,110-263-7974
876,110-495-8050
880,110-918-4034
880,110-876-5593
886,110-968-3944
886,110-330-1345
887,110-148-5469
888,110-282-2092
888,110-542-5353
890,110-313-8787
894,110-284-8302
894,110-618-1883
897,110-428-4652
900,110-571-4828
910,110-425-8536
911,110-599-7246
912,110-711-7063
912,110-831-4580
915,110-808-1721
915,110-788-9629
915,110-824-7670
917,110-462-5981
918,110-324-5840
918,110-596-4230
921,110-185-8400
925,110-114-4243
925,110-246-4446
930,110-670-5391
932,110-756-4912
937,110-451-8048
938,110-480-5725
939,110-702-1475
941,110-850-9761
946,110-293-3551
949,110-133-2212
954,110-250-6718
955,110-734-9011
955,110-681-2953
956,110-401-1235
960,110-324-3986
967,110-344-4854
968,110-240-7911
968,110-124-4517
969,110-314-8220
970,110-737-1622
982,110-964-6748
983,110-395-1478
988,110-902-6942
1000,110-963-5190
1000,110-892-9951
1001,110-345-4935
